study_orig;study_common
Cattin Blandenier (2004);Cattin Blandenier (2004)
Cohen et al. (2009);Cohen et al. (2009)
Digel et al. (2014);Digel et al. (2014)
Abrahamczyk_2010;Abrahamczyk_2010
Abreu;Abreu
Abreu & Vieira 2004;Abreu_2004
Abreu_2004;Abreu_2004
Acosta_2019;Acosta_2019
adaime2017_A;adaime2017_A
adaime2017_B;adaime2017_B
Adedoja et al 2018;Adedoja et al 2018
Adedoja et al 2018;Adedoja et al 2018
Adedoja et al 2018;Adedoja et al 2018
Adedoja et al 2018;Adedoja et al 2018
Adedoja et al 2019;Adedoja et al 2019
Aguiar 2003;Aguiar 2003
Aguiar 2007;Aguiar_2007
Aguiar_2007;Aguiar_2007
Aguilar-Garavito 2014;Aguilar-Garavito 2014
Aguilar-Garavito_2014_mature;Aguilar-Garavito 2014
Aizen_2002;Aizen_2002
Alarcón_2008;Alarcón_2008
Albrecht 2013;Albrecht 2013
Albrecht et al 2010;Albrecht et al 2010
Albrecht et al 2010;Albrecht et al 2010
Albrecht et al 2010;Albrecht et al 2010
Albrecht et al 2010;Albrecht et al 2010
Albrecht et al 2010;Albrecht et al 2010
Albrecht_102_2012;Albrecht_2012
Albrecht_11_2012;Albrecht_2012
Albrecht_111_2011;Albrecht_2012
Albrecht_111_2012;Albrecht_2012
Albrecht_112_2011;Albrecht_2012
Albrecht_112_2012;Albrecht_2012
Albrecht_13_2012;Albrecht_2012
Albrecht_15_2012;Albrecht_2012
Albrecht_203_2012;Albrecht_2012
Albrecht_30_2012;Albrecht_2012
Albrecht_301_2012;Albrecht_2012
Albrecht_314_2012;Albrecht_2012
Albrecht_315_2011;Albrecht_2012
Albrecht_315_2012;Albrecht_2012
Albrecht_35_2012;Albrecht_2012
Albrecht_36_2012;Albrecht_2012
alcorlo2001;alcorlo2001
Aldryhim1985;Aldryhim1985
alexandra baeta2011;alexandra baeta2011
allan1982;allan1982
Alves_2008;Alves_2008
ALVES_2013;ALVES_2013
Amela_1997;Amela_1997
Andena et al 2005;Andena et al 2005
Andrade 2011;Andrade_2011
Andrade_2011;Andrade_2011
Andrade_2011;Andrade_2011
Angelini & Agostinho 2005 ;Angelini & Agostinho 2005 
Angelini & Velho 2011;Angelini & Velho 2011
Angelini et all 1011;Angelini_2011
Angelini et all 2006;Angelini et all 2006
Angelini et all 2013;Angelini et all 2013
angelini2005;angelini2005
angelini2006;Angelini et all 2006
angelini2010;angelini2010
angelini2013;Angelini et all 2013
Aoki_2012;Aoki_2012
Aona_2006;Aona_2006
Arai_mcgregor;Arai_mcgregor
Arai_parsnip;Arai_parsnip
Araujo_2003;Araujo_2003
Araújo_2011;Araújo_2011
Araújo_2013;Araújo_2013
Argel_1999;Argel_1999
Arias-Arone 2016;Arias-Arone 2016
Arias-Arone_2016;Arias-Arone 2016
Aribal 2016;Aribal 2016
Arizmendi;Arizmendi & Ornelas 1999
Arizmendi & Ornelas 1999;Arizmendi & Ornelas 1999
Arizmendi_1990;Arizmendi_1990
Armesto 1987;Armesto 1987
Aroca 2016;Aroca 2016
Arroyo et al 1982;Arroyo et al 1982
arroyo1982;Arroyo et al 1982
Arroyo1982-1;Arroyo et al 1982
Arroyo1982-2;Arroyo et al 1982
Arroyo1982-3;Arroyo et al 1982
arroyo3;Arroyo et al 1982
Arthur1976;Arthur1976
askew1975;askew1975
Athie 2009;Athie_2009
Athie_2009;Athie_2009
Athiê_2009;Athie_2009
Auko_2012;Auko_2012
B. Dalsgaard et al. 2021;Dalsgaard et al. 2021
b. j.1974;b. j.1974
badcock1949;badcock1949
Baeta et all 2011;Baeta et all 2011
Baird 1980;Baird_1980
Baird_1980;Baird_1980
baird1980;Baird_1980
Baird1980;Baird_1980
Balasubramanian 1996;Balasubramanian_1996
Balasubramanian_1996;Balasubramanian_1996
Baldock et al 2011;Baldock et al 2011
Baldock et al 2019;Baldock et al 2019
Bandeira_2020;Bandeira_2020
Bangham1955;Bangham1955
Barbosa_2013;Barbosa_2013
barret1987;Barrett1987
Barrett & Helenurm 1987;Barrett1987
Barrett1987;Barrett1987
Bartomeus;bartomeus2008
Bartomeus et al 2008;bartomeus2008
bartomeus2008;bartomeus2008
basset1996;Basset1996
Basset1996;Basset1996
Bastazini 2018;Bastazini_2018
Bastazini_2018;Bastazini_2018
Bastos_2006;Bastos_2006
beaver1985;beaver1985
Beehler 1983;Beehler1983
Beehler1983;Beehler1983
Bek 2006;Bek 2006
Belay10;Belay
Belay13;Belay
Belay14;Belay
Belay15;Belay
Belay2;Belay
Belay23;Belay
Belay25;Belay
Belay26;Belay
Belay27;Belay
Belay30;Belay
Benadi & Pauw 2018;Benadi & Pauw 2018
Benadi2013_1(950m);Benadi2013
Benadi2013_2(1170m);Benadi2013
Benadi2013_3(1340m);Benadi2013
Benadi2013_4(1700m);Benadi2013
Benadi2013_5(1800m);Benadi2013
Benadi2013_6(2020m);Benadi2013
Benarfa 2005 MSc;Benarfa 2005 MSc
Bennett et al 2018;Bennett et al 2018
Bergamini;bergamini2016
bergamini2016;bergamini2016
bernard c. patten1979;bernard c. patten1979
Bezerra et al 2009;Bezerra2009
bezerra2009;Bezerra2009
Bezerra2009;Bezerra2009
Biella et al 2019;Biella et al 2019
bird1930;bird1930
Blake 1992;Blake_1992
Blake_1992;Blake_1992
Bleher 2003;Bleher_2003
Bleher_2003;Bleher_2003
Blendinger 2015;Blendinger_2015
Blendinger 2016;Blendinger 2016
Blendinger_2015;Blendinger_2015
Blumel et al 2016;Blumel et al 2016
Bluthgen et al. 2004;Bluthgen2004
Bluthgen2004;Bluthgen2004
bluthgen2006;bluthgen2006
bodner2009;bodner2009
boit2012;boit2012
Bolanos-Silva 2000;Bolanos-Silva 2000
Bollen 2000;Bollen_2000
Bollen_2000;Bollen_2000
Bordignon 2017;Bordignon 2017
Borges_2009;Borges_2009
Bortoluzzi_2016;Bortoluzzi_2016
Boyle_2011;Boyle_2011
Brehm2003;Brehm2003
briand1985;briand1985
Brito 2010;Brito_2010
Brito_2010;Brito_2010
Brosi2017_Back_of_Baldy_Bend_2014_Control;Brosi2017
Brosi2017_Back_of_Baldy_Bend_2014_Manipulation;Brosi2017
Brosi2017_Belleview_Bench_2013_Control;Brosi2017
Brosi2017_Belleview_Bench_2013_Manipulation;Brosi2017
Brosi2017_Brush_Creek_Sign_2014_Control;Brosi2017
Brosi2017_Brush_Creek_Sign_2014_Manipulation;Brosi2017
Brosi2017_Brush_Creek_Steep_2013_Control;Brosi2017
Brosi2017_Brush_Creek_Steep_2013_Manipulation;Brosi2017
Brosi2017_Cold_Springs_Ranch_2014_Control;Brosi2017
Brosi2017_Cold_Springs_Ranch_2014_Manipulation;Brosi2017
Brosi2017_Gothic_CG_2014_Control;Brosi2017
Brosi2017_Gothic_CG_2014_Manipulation;Brosi2017
Brosi2017_Gothic_Road_2013_Control;Brosi2017
Brosi2017_Gothic_Road_2013_Manipulation;Brosi2017
Brosi2017_Gothic_Road_Grate_2014_Control;Brosi2017
Brosi2017_Gothic_Road_Grate_2014_Manipulation;Brosi2017
Brosi2017_Gothic_Road_Steep_2013_Control;Brosi2017
Brosi2017_Gothic_Road_Steep_2013_Manipulation;Brosi2017
Brosi2017_Gothic_Road_Steep_2014_Control;Brosi2017
Brosi2017_Gothic_Road_Steep_2014_Manipulation;Brosi2017
Brosi2017_Gothic_Town_2014_Control;Brosi2017
Brosi2017_Gothic_Town_2014_Manipulation;Brosi2017
Brosi2017_Judd_Falls_TH_2013_Control;Brosi2017
Brosi2017_Judd_Falls_TH_2013_Manipulation;Brosi2017
Brosi2017_Judd_Falls_TH_2014_Control;Brosi2017
Brosi2017_Judd_Falls_TH_2014_Manipulation;Brosi2017
Brosi2017_Past_Rustlers_2013_Control;Brosi2017
Brosi2017_Past_Rustlers_2013_Manipulation;Brosi2017
Brosi2017_Rustlers_2013_Control;Brosi2017
Brosi2017_Rustlers_2013_Manipulation;Brosi2017
Brown_2002;Brown_2002
brown1964;brown1964
Brown2019;Brown2019
Buitrón_2012;Buitrón_2012
Bundgaard 2003;Bundgaard 2003
Burkle2013;Burkle2013
Burns 2013;Burns_2013
Burns_2013;Burns_2013
Buzato et al. 2000;Buzato_2000
Buzato_2000;Buzato_2000
Buzatto_2014;Buzatto_2014
c. a. simenstad1978;c. a. simenstad1978
c. bulman2001;c. bulman2001
Caballero_2017;Caballero_2017
Camargo 2009;Camargo_2009
Camargo_2009;Camargo_2009
Canela 2006;Canela_2006
Canela_2006;Canela_2006
CaraDonna_rmbl_interaction_networks_data_EDI;CaraDonna_rmbl_interaction_networks_data_EDI
Carlo et al 2003;Carlo_2003
Carlo_2003;Carlo_2003
Carlo2003-1;Carlo_2003
Carlo2003-2;Carlo_2003
Carlo2003-3;Carlo_2003
Carlo2003-4;Carlo_2003
carlson1968;carlson1968
Carman et al 2016;Carman et al 2016
Carneiro_2012;Carneiro_2012
Carstensen et al 2014;Carstensen et al 2014
Carstensen2017_Brazil_Cedro;Carstensen2017
Carstensen2017_Brazil_Elefante;Carstensen2017
Carstensen2017_Brazil_Gigante;Carstensen2017
Carstensen2017_Brazil_Midway;Carstensen2017
Carstensen2017_Brazil_Paulino;Carstensen2017
Carstensen2017_Brazil_Soizig;Carstensen2017
Carstensen2017_Brazil_Tinkerbell;Carstensen2017
Carstensen2017_ElHierro;Carstensen2017
Carstensen2017_Fuerteventura;Carstensen2017
Carstensen2017_Gomera;Carstensen2017
Carstensen2017_GranCanaria;Carstensen2017
Carstensen2017_TenerifeSyd;Carstensen2017
Carstensen2017_Teno;Carstensen2017
Carstensen2017_WesternSahara;Carstensen2017
Carvalheiro2008;Carvalheiro2008
Carvalho 2008;Carvalho_2008
Carvalho et al 2014;Carvalho et al 2014
Carvalho_2008;Carvalho_2008
Casallas-Pabon 2017;Casallas-Pabon_2017
Casallas-Pabon_2017;Casallas-Pabon_2017
Casas_2018;Casas_2018
Castano 2009;Castano_2009
Castano 2018;Castano_2018
Castano_2009;Castano_2009
Castano_2018;Castano_2018
Castley 2001;Castley_2001
Castley_2001;Castley_2001
Castro 2015;Castro_2015
Castro_2007;Castro_2007
Castro_2015;Castro_2015
Castro-Luna 2012;Castro-Luna_2012
Castro-Luna_2012;Castro-Luna_2012
Cattin Blandenier (2004);Cattin Blandenier (2004)
Cavalleri_2014;Cavalleri_2014
Chama 2013;Chama 2013
Chama_2013_net1;Chama 2013
Chama_2013_net2;Chama 2013
Chama_2013_net3;Chama 2013
Chama_2013_net4;Chama 2013
Chama_2013_net5;Chama 2013
Chama_2013_net6;Chama 2013
Chama_2013_net7;Chama 2013
Chama_2013_net8;Chama 2013
Chama_2013_net9;Chama 2013
Chamberlain et al. 2014;Chamberlain et al. 2014
Chapman 1987;Chapman 1987
Chapman 1996;Chapman_1996
Chapman_1996;Chapman_1996
charles h. peterson1979;charles h. peterson1979
Chatterjee 2014;Chatterjee_2014
Chatterjee_2014;Chatterjee_2014
Chaves 2018;Chaves 2018
Chaves_2018_forest_edge;Chaves 2018
Chaves_2018_mature_forest;Chaves 2018
Chen 1999;Chen_1999
Chen_1999;Chen_1999
Chimera 2010;Chimera_2010
Chimera_2010;Chimera_2010
Chinniah1978;Chinniah1978
Chiquetto_2018;Chiquetto_2018
Christian & Luczkovich 1999;Christian & Luczkovich 1999
clement1923;Clements1923
Clements & Long 1923;Clements1923
Clements1923;Clements1923
Cohen et al. (2009);Cohen et al. (2009)
cohen2003;cohen2003
Colaco_2006;Colaco_2006
coley2006;Coley2006
Coley2006;Coley2006
collins1976;collins1976
Combined_Schleuning;Combined_Schleuning
continuous_Farwig;continuous_Farwig
Cordeiro_2017;Cordeiro_2017
Cordeiro_2020;Cordeiro_2020
Cordiniz Picanco thesis;Cordiniz Picanco thesis
cornaby1974;cornaby1974
Correa 2016;Correa 2016
Correa_2016_Apaporis;Correa 2016
Correa_2016_Caqueta;Correa 2016
Correia_1997;Correia_1997
Correia_2016_non-sanctuary;Correia_2016
Correia_2016_sanctuary;Correia_2016
Costa 2013 endozoochory;Costa_2013_endozoochory
Costa 2016;Costa_2016
Costa 2018 before only;Costa_2018
COSTA_0171;COSTA_0171
Costa_2013_endozoochory;Costa_2013_endozoochory
Costa_2016;Costa_2016
Cotton;Cotton_1998
Cotton_1998;Cotton_1998
Crome 1975;Crome1975
Crome_1978;Crome_1978
Crome1975;Crome1975
Cruz 2013;Cruz_2013
Cruz_2013;Cruz_2013
Cruz_2013_Autumn;Cruz_2013
Cruz_2013_Summer;Cruz_2013
Cruz_2013_Winter;Cruz_2013
Cruz_2015;Cruz_2015
cruz-escalona2007;cruz-escalona2007
cuevas-reyes;cuevas-reyes
cummins1966;cummins1966
da Costa Vieira et  al 2007;da Costa Vieira et  al 2007
da Silva 2015;da Silva 2015
da_2017;da_2017
da_Silva_2015_site_A;da Silva 2015
da_Silva_2015_site_B;da Silva 2015
da_Silva_2015_site_C;da Silva 2015
daGraca;daGraca
Dalsgaard et al. 2021;Dalsgaard et al. 2021
Dalsgaard_2018;Dalsgaard_2018
Daru 2015;Daru_2015
Daru_2015;Daru_2015
Dattilo et al 2016;Dattilo et al 2016
David 2011;David_2011
David_2011;David_2011
David_2011_tree_focal_watches;David_2011
Davidson & Fisher 1991;Davidson & Fisher 1991
Davidson et al 1989;Davidson et al 1989
de la Pena 2003;de la Pena 2003
de Oliveira 1999;de Oliveira 1999
de_2017;de_2017
de_la_Pena_2003;de_la_Pena_2003
de_Oliveira_1999;de_Oliveira_1999
Debussche 1989;Debussche_1989
Debussche_1989;Debussche_1989
deCastroCantuaria 2010 Msc;deCastroCantuaria 2010 Msc
Dechtiar1972;Dechtiar1972
Dehling 2017;Dehling 2017
Dehling_2014;Dehling_2014
Dehling_2017_San_Pedro_1;Dehling 2017
Dehling_2017_San_Pedro_2;Dehling 2017
Dehling_2017_San_Pedro_3;Dehling 2017
Dehling_2017_San_Pedro_4;Dehling 2017
Dehling_2017_Wayqecha_1;Dehling 2017
Dehling_2017_Wayqecha_2;Dehling 2017
Dehling_2017_Wayqecha_3;Dehling 2017
Dehling_2017_Wayqecha_4;Dehling 2017
Devoto et al 2005;Devoto et al 2005
Dew 1998;Dew 1998
Dicks et al 2002;Dicks et al 2002
Dicks2002-1;Dicks et al 2002
Dicks2002-2;Dicks et al 2002
Digel et al. (2014);Digel et al. (2014)
Donatti 2011;Donatti_2011
Donatti_2011;Donatti_2011
Dorneles_2013;Dorneles_2013
Dos Reis 1983;Dos Reis 1983
Dos_Reis_1983_Cult_et_form_sec;Dos Reis 1983
Dowsett-Lemaire 1988;Dowsett-Lemaire_1988
Dowsett-Lemaire_1988;Dowsett-Lemaire_1988
Dubost 1984;Dubost_1984
Dubost_1984;Dubost_1984
Dupont & Olesen 2009;Dupont & Olesen 2009
Dupont 1997;Dupont_1997
Dupont_1997;Dupont_1997
Dupont et al 2003;Dupont2003
dupont2003;Dupont2003
Dupont2003;Dupont2003
Dupont2009-1;Dupont & Olesen 2009
Dupont2009-2;Dupont & Olesen 2009
dyer&gentry2002;dyer&gentry2002
e. a. shushkina1979;e. a. shushkina1979
e. gontikaki2011;e. gontikaki2011
eberling1999;eberling1999
edwards1982;edwards1982
Ekloef et al. (2013);Ekloef et al. (2013)
Elberling & Olesen 1999;eberling1999
Elberling & Olesen unpublished;elberlingNA
elberling1999;eberling1999
Elberling1999;eberling1999
elberlingNA;elberlingNA
Elder 2013;Elder 2013
Emer et al. 2013;Emer et al. 2013
Engel 2000;Engel_2000
Engel_2000;Engel_2000
Erard 2007;Erard 2007
Escalona et all 2007;Escalona et all 2007
Estrada-Villegas 2010;Estrada-Villegas_2010
Estrada-Villegas_2010;Estrada-Villegas_2010
f. b. van es1977;f. b. van es1977
Fadini 2004;Fadini_2004
Fadini_2004;Fadini_2004
Falcon 2018;Falcon_2018
Falcon_2018;Falcon_2018
Fang2012;Fang2012
Farache_2013;Farache_2013
Farache_2017;Farache_2017
Faria 1996;Faria_1996
Faria_1996;Faria_1996
Farwig_2017;Farwig_2017
Faustino 2006;Faustino_2006
Faustino_2006;Faustino_2006
fautin1993;fautin1993
Fernandez et al 2001;Fernandez et al 2001
feroz khan2009;feroz khan2009
Ferreira_2010;Ferreira_2010
Ferreira_2013;Ferreira_2013
Ferrero et al. 2013;Ferrero et al. 2013
fetahi2011;fetahi2011
filgueira2011;filgueira2011
FILHO_2005;FILHO_2005
Fleming 1977;Fleming_1977
Fleming_1977;Fleming_1977
Fonseca & Ganade 1996;Fonseca1996
Fonseca 2007;Fonseca_2007
Fonseca_2007;Fonseca_2007
Fonseca_2015;Fonseca_2015
Fonseca1996;Fonseca1996
Font;Font
Fontanari 2018;Fontanari_2018
Fontanari_2018;Fontanari_2018
Foresta 1984;Foresta 1984
Forup et al 2008;Forup et al 2008
fragmented_Farwig;fragmented_Farwig
Fragoso PhD Thesis 2014;Fragoso PhD Thesis 2014
Franceschinelli_2015;Franceschinelli_2015
Freitas & Sazima 2006;Freitas & Sazima 2006
Freitas_1993;Freitas_1993
French_1990;French_1990
Fricke 2018;Fricke_2018
Fricke_2018;Fricke_2018
Fricke_2018_Saipan;Fricke_2018
Frost 1980;Frost1980
Frost_1980;Frost1980
frost1980;Frost1980
Frost1980;Frost1980
fryer1959;fryer1959
Fuentes 1994;Fuentes_1994
Fuentes_1994;Fuentes_1994
g. a. knox1970;g. a. knox1970
g. e. macginitie1935;g. e. macginitie1935
g. p. closs1994;g. p. closs1994
gaedke1994;gaedke1994
Galetti & Pizo 1996;Galetti_1996
Galetti & Pizo 1996;Galetti_1996
Galetti_1996;Galetti_1996
Galetti1996-1;Galetti_1996
Galetti1996-2;Galetti_1996
Ganzhorn 1988;Ganzhorn 1988
Garcia 2014;García_2014
Garcia 2016;Garcia_2016
Garcia et al. 2000;Garcia et al. 2000
García_2014;García_2014
Garcia_2014_Blue_Duck;García_2014
Garcia_2014_Charles_Plimmer;García_2014
Garcia_2014_George_Denton;García_2014
Garcia_2014_Mount_Fyfee_Reserve;García_2014
Garcia_2014_Puhi-Puhi_River;García_2014
Garcia_2014_Zealandia;García_2014
Garcia_2016;Garcia_2016
García_2018;García_2018
Garcia_et_al;Garcia_et_al
Garcia-Estrada 2012;Garcia-Estrada_2012
Garcia-Estrada_2012;Garcia-Estrada_2012
Garcia-Morales 2012;Garcia-Morales_2012
Garcia-Morales_2012;Garcia-Morales_2012
garcia&robledo2013;garcia&robledo2013
Gautier-Hion 1985;Gautier-Hion 1985
Gelvez_2016;Gelvez_2016
Gelvez_2018;Gelvez_2018
Genrich 2017;Genrich_2017
Genrich_2017;Genrich_2017
george m. woodwell1967;george m. woodwell1967
Gess & Gess 1991;Gess & Gess 1991
Gess2010;Gess2010
Giannakos 1997;Giannakos 1997
Gibson et al 2006;Gibson et al 2006
Gikungu 2006 thesis;Gikungu 2006 thesis
Gilarranz_2015_Amarante;Gilarranz_2015
Gilarranz_2015_Barrosa;Gilarranz_2015
Gilarranz_2015_CincoCerros;Gilarranz_2015
Gilarranz_2015_Difunito;Gilarranz_2015
Gilarranz_2015_Difuntos;Gilarranz_2015
Gilarranz_2015_ElMorro;Gilarranz_2015
Gilarranz_2015_LaBrava;Gilarranz_2015
Gilarranz_2015_LaChata;Gilarranz_2015
Gilarranz_2015_LaPaja;Gilarranz_2015
Gilarranz_2015_PiedraAlta;Gilarranz_2015
Gilarranz_2015_Vigilancia;Gilarranz_2015
Gilarranz_2015_Volcan;Gilarranz_2015
Gilarranz2014_amarante;Gilarranz2014
Gilarranz2014_barrosa;Gilarranz2014
Gilarranz2014_cincocerros;Gilarranz2014
Gilarranz2014_difuntito;Gilarranz2014
Gilarranz2014_difuntos;Gilarranz2014
Gilarranz2014_elmorro;Gilarranz2014
Gilarranz2014_labrava;Gilarranz2014
Gilarranz2014_lachata;Gilarranz2014
Gilarranz2014_lapaja;Gilarranz2014
Gilarranz2014_piedraalta;Gilarranz2014
Gilarranz2014_vigilancia;Gilarranz2014
Gilarranz2014_volcan;Gilarranz2014
Githiru 2002;Githiru_2002
Githiru_2002;Githiru_2002
glynn1965;glynn1965
Gomes 2013;Gomes_2013
Gomes_2006;Gomes_2006
Gomes_2013;Gomes_2013
Gondim_2002;Gondim_2002
Gonzalez & Loiselle 2016;Gonzalez_2016
González_2012;Gonzalez-Castro 2012
Gonzalez_2016;Gonzalez_2016
Gopal_2020;Gopal_2020
Gorchov 1995;Gorchov_1995
Gorchov_1995;Gorchov_1995
Gotlieb et al 2011;Gotlieb et al 2011
Gottsberger_2013;Gottsberger_2013
Goulart_2006;Goulart_2006
Graham and Weinstein 2018;Graham_2018
Graham_2018;Graham_2018
Grass et al 2013;Grass et al 2013
Gray et al. (2015), Thompson et al. (2017);Gray et al. (2015), Thompson et al. (2017)
Guerra_2012;Guerra_2012
Guillotin 1994;Guillotin 1994
Guitián 1983;Guitián 1983
Gutierres_2001;Gutierres_2001
Gutierrez_and_Rojas_2001;Gutierres_2001
h. milne1972;h. milne1972
Hackett et al 2019;Hackett et al 2019
Hackett2019_HH;Hackett et al 2019
Hackett2019_TP;Hackett et al 2019
Hadfield et all 2013;hadfield2014
Hadfield_2013_001;hadfield2014
Hadfield_2013_002;hadfield2014
Hadfield_2013_003;hadfield2014
Hadfield_2013_004;hadfield2014
Hadfield_2013_005;hadfield2014
Hadfield_2013_006;hadfield2014
Hadfield_2013_007;hadfield2014
Hadfield_2013_008;hadfield2014
Hadfield_2013_009;hadfield2014
Hadfield_2013_010;hadfield2014
Hadfield_2013_012;hadfield2014
Hadfield_2013_013;hadfield2014
Hadfield_2013_014;hadfield2014
Hadfield_2013_016;hadfield2014
Hadfield_2013_017;hadfield2014
Hadfield_2013_018;hadfield2014
Hadfield_2013_019;hadfield2014
Hadfield_2013_020;hadfield2014
Hadfield_2013_021;hadfield2014
Hadfield_2013_022;hadfield2014
Hadfield_2013_023;hadfield2014
Hadfield_2013_024;hadfield2014
Hadfield_2013_025;hadfield2014
Hadfield_2013_026;hadfield2014
Hadfield_2013_027;hadfield2014
Hadfield_2013_029;hadfield2014
Hadfield_2013_030;hadfield2014
Hadfield_2013_031;hadfield2014
Hadfield_2013_032;hadfield2014
Hadfield_2013_033;hadfield2014
Hadfield_2013_034;hadfield2014
Hadfield_2013_035;hadfield2014
Hadfield_2013_036;hadfield2014
Hadfield_2013_037;hadfield2014
Hadfield_2013_038;hadfield2014
Hadfield_2013_039;hadfield2014
Hadfield_2013_040;hadfield2014
Hadfield_2013_041;hadfield2014
Hadfield_2013_042;hadfield2014
Hadfield_2013_043;hadfield2014
Hadfield_2013_044;hadfield2014
Hadfield_2013_045;hadfield2014
Hadfield_2013_046;hadfield2014
Hadfield_2013_047;hadfield2014
Hadfield_2013_048;hadfield2014
Hadfield_2013_049;hadfield2014
Hadfield_2013_050;hadfield2014
Hadfield_2013_051;hadfield2014
hadfield2014;hadfield2014
Hagen & Kraemer 2010;Hagen & Kraemer 2010
Hamann1999;Hamann1999
Hammann & Curio 1999;Hamann1999
hampton2011;hampton2011
hartley1948;hartley1948
Hassina2015;Hassina2015
Hasui 1998;Hasui_1998
Hasui_1994;Hasui_1994
Hasui_1998;Hasui_1998
hawkins1984;hawkins1984
Hayashi 1996;Hayashi_1996
Hayashi_1996;Hayashi_1996
Heithaus 1975;Heithaus 1975
Heleno;Heleno
Heleno et al 2013;Heleno_2013
Heleno_2013;Heleno_2013
heleno2009;heleno2009
hemidi2013;hemidi2013
henneman&memmott1;henneman&memmott1
henneman&memmott2;henneman&memmott2
HennemanXXXX-1;HennemanXXXX-1
HennemanXXXX-2;HennemanXXXX-2
Hernandez-Montero 2015;Hernandez-Montero 2015
Hernandez-Montero_2015_B4_Dry;Hernandez-Montero 2015
Hernandez-Montero_2015_B4_Norte;Hernandez-Montero 2015
Herrera 1988;Herrera1988
Herrera_1984;Herrera_1984
herrera1988;Herrera1988
Herrera1988;Herrera1988
hewatt1937;hewatt1937
High_mountain_matrix_Norfolk;High_mountain_matrix_Norfolk
hildrew1985;hildrew1985
hines2019;hines2019
Hingston 1999;Hingston 1999
Hipolito_2012;Hipolito_2012
Hipolito_2013;Hipolito_2013
Hipolito_2014;Hipolito_2014
Hipolito_2018;Hipolito_2018
Hladik 1969;Hladik_1969
Hladik 1972;Hladik 1972
Hladik_1969;Hladik_1969
Hocking 1968;Hocking1968
hocking1968;Hocking1968
Hocking1968;Hocking1968
Hodgkison 2001;Hodgkison_2001
Hodgkison_2001;Hodgkison_2001
hopkins1993;hopkins1993
Houle 2010;Houle 2010
Hovestadt 1997;Hovestadt_1997
Hovestadt_1997;Hovestadt_1997
Howe 1984;Howe 1984
hsing-juh lin2006;hsing-juh lin2006
huang2008;huang2008
hurlbert1972;hurlbert1972
Ibanez2013;Ibanez2013
Idechil2007;Idechil2007
ignasi bartomeus2008;bartomeus2008
Ikuta 2013;Ikuta_2013
Ikuta_2013;Ikuta_2013
Ingversen 2006;Ingversen2006
Ingversen2006;Ingversen2006
Innis 1989;Innis 1989
Innis_1989_ANVF;Innis 1989
Innis_1989_NVF_CNVF;Innis 1989
Inoue et al 1990;Inoue1990
Inoue1990;Inoue1990
Inouye & Pyke 1988;Inouye1988
inouye1988;Inouye1988
J. E. Randall 1967;J. E. Randall 1967
j. h. day1967;j. h. day1967
Jacob et al. (2011);Jacob et al. (2011)
Jacob et al. (2015);Jacob et al. (2015)
james g. douglass2011;james g. douglass2011
james n. kremer1978;james n. kremer1978
janzen1980;Janzen1980
Janzen1980;Janzen1980
janzen2003;Janzen2003
Janzen2003;Janzen2003
Jaroszewicz 2013;Jaroszewicz_2013
Jaroszewicz_2013;Jaroszewicz_2013
Jayasekara 2003;Jayasekara_2003
Jayasekara 2007;Jayasekara_2007
Jayasekara_2003;Jayasekara_2003
Jayasekara_2007;Jayasekara_2007
Jedrzejewska-Szmek & Zych 2013;Jedrzejewska-Szmek & Zych 2013
jiron1981;jiron1981
Joern 1979;Joern 1979
joern_altuda;Joern 1979
joern_marathon;Joern 1979
Joern-Altuda;Joern 1979
Joern-Marathon;Joern 1979
Joern1985;Joern1985
Jolls et al 2019;Jolls et al 2019
jones1949;jones1949
jones1950;jones1950
Jonsson et al. (2005) ;Jonsson et al. (2005) 
Jordano 1985;Jordano_1985
Jordano_1985;Jordano_1985
Jordano-1;Jordano-1
jorge cornejo-donoso2008;jorge cornejo-donoso2008
Junior 2010;Junior_2010
Junior_2010;Junior_2010
Junker2013;Junker2013
k. hogetsu1979;k. hogetsu1979
KAEHLER_2005;kaehler2005
kaehler2005;kaehler2005
Kaiser_control;Kaiser-Bunbury et al 2010
Kaiser_restored;Kaiser-Bunbury et al 2010
Kaiser-Bunbury et al 2010;Kaiser-Bunbury et al 2010
Kaiser-Bunbury et al 2014;Kaiser-Bunbury et al 2014
Kaiser-Bunbury_2010_060_01;Kaiser-Bunbury et al 2010
Kaiser-Bunbury_2010_060_02;Kaiser-Bunbury et al 2010
Kaiser-Bunbury_2010_060_03;Kaiser-Bunbury et al 2010
Kaiser-Bunbury_2010_060_04;Kaiser-Bunbury et al 2010
Kaiser-Bunbury_2010_060_05;Kaiser-Bunbury et al 2010
Kaiser-Bunbury_2010_060_06;Kaiser-Bunbury et al 2010
Kaiser-Bunbury_2010_060_07;Kaiser-Bunbury et al 2010
Kaiser-Bunbury_2010_060_08;Kaiser-Bunbury et al 2010
Kaiser-Bunbury_2010_060_09;Kaiser-Bunbury et al 2010
Kaiser-Bunbury_2010_060_10;Kaiser-Bunbury et al 2010
Kaiser-Bunbury_2010_060_11;Kaiser-Bunbury et al 2010
Kaiser-Bunbury_2010_060_12;Kaiser-Bunbury et al 2010
Kaiser-Bunbury_2010_060_13;Kaiser-Bunbury et al 2010
Kaiser-Bunbury_2010_060_14;Kaiser-Bunbury et al 2010
Kaiser-Bunbury_2010_060_15;Kaiser-Bunbury et al 2010
Kaiser-Bunbury_2010_060_16;Kaiser-Bunbury et al 2010
Kaiser-Bunbury_2010_060_17;Kaiser-Bunbury et al 2010
Kaiser-Bunbury_2010_060_18;Kaiser-Bunbury et al 2010
Kaiser-Bunbury_2010_060_19;Kaiser-Bunbury et al 2010
Kaiser-Bunbury_2010_060_20;Kaiser-Bunbury et al 2010
Kaiser-Bunbury_2010_060_21;Kaiser-Bunbury et al 2010
Kaiser-Bunbury_2010_060_22;Kaiser-Bunbury et al 2010
Kaiser-Bunbury_2010_060_23;Kaiser-Bunbury et al 2010
Kaiser-Bunbury_2010_060_24;Kaiser-Bunbury et al 2010
Kaiser-Bunbury_2014_061_01;Kaiser-Bunbury et al 2014
Kaiser-Bunbury_2014_061_02;Kaiser-Bunbury et al 2014
Kaiser-Bunbury_2014_061_03;Kaiser-Bunbury et al 2014
Kaiser-Bunbury_2014_061_04;Kaiser-Bunbury et al 2014
Kaiser-Bunbury_2014_061_05;Kaiser-Bunbury et al 2014
Kaiser-Bunbury_2014_061_06;Kaiser-Bunbury et al 2014
Kaiser-Bunbury_2014_061_07;Kaiser-Bunbury et al 2014
Kaiser-Bunbury_2014_061_08;Kaiser-Bunbury et al 2014
Kaiser-Bunbury_2014_061_09;Kaiser-Bunbury et al 2014
Kaiser-Bunbury_2014_061_10;Kaiser-Bunbury et al 2014
Kaiser-Bunbury_2014_061_11;Kaiser-Bunbury et al 2014
Kaiser-Bunbury_2014_061_12;Kaiser-Bunbury et al 2014
Kaiser-Bunbury_2014_061_13;Kaiser-Bunbury et al 2014
Kaiser-Bunbury_2014_061_14;Kaiser-Bunbury et al 2014
Kaiser-Bunbury_2014_061_15;Kaiser-Bunbury et al 2014
Kaiser-Bunbury_2014_061_16;Kaiser-Bunbury et al 2014
Kaiser-Bunbury_2014_061_17;Kaiser-Bunbury et al 2014
Kaiser-Bunbury_2014_061_18;Kaiser-Bunbury et al 2014
Kaiser-Bunbury_2014_061_19;Kaiser-Bunbury et al 2014
Kaiser-Bunbury_2014_061_20;Kaiser-Bunbury et al 2014
Kaiser-Bunbury_2014_061_21;Kaiser-Bunbury et al 2014
Kaiser-Bunbury_2014_061_22;Kaiser-Bunbury et al 2014
Kaiser-Bunbury_2014_061_23;Kaiser-Bunbury et al 2014
Kaiser-Bunbury_2014_061_24;Kaiser-Bunbury et al 2014
Kaiser-Bunbury_2014_061_25;Kaiser-Bunbury et al 2014
Kaiser-Bunbury_2014_061_26;Kaiser-Bunbury et al 2014
Kaiser-Bunbury_2014_061_27;Kaiser-Bunbury et al 2014
Kaiser-Bunbury_2014_061_28;Kaiser-Bunbury et al 2014
Kaiser-Bunbury_2014_061_29;Kaiser-Bunbury et al 2014
Kaiser-Bunbury_2014_061_30;Kaiser-Bunbury et al 2014
Kaiser-Bunbury_2014_061_31;Kaiser-Bunbury et al 2014
Kaiser-Bunbury_2014_061_32;Kaiser-Bunbury et al 2014
Kaiser-Bunbury_2014_061_35;Kaiser-Bunbury et al 2014
Kaiser-Bunbury_2014_061_36;Kaiser-Bunbury et al 2014
Kaiser-Bunbury_2014_061_37;Kaiser-Bunbury et al 2014
Kaiser-Bunbury_2014_061_38;Kaiser-Bunbury et al 2014
Kaiser-Bunbury_2014_061_39;Kaiser-Bunbury et al 2014
Kaiser-Bunbury_2014_061_40;Kaiser-Bunbury et al 2014
Kaiser-Bunbury_2014_061_43;Kaiser-Bunbury et al 2014
Kaiser-Bunbury_2014_061_44;Kaiser-Bunbury et al 2014
Kaiser-Bunbury_2014_061_45;Kaiser-Bunbury et al 2014
Kaiser-Bunbury_2014_061_46;Kaiser-Bunbury et al 2014
Kaiser-Bunbury_2014_061_47;Kaiser-Bunbury et al 2014
Kaiser-Bunbury_2014_061_48;Kaiser-Bunbury et al 2014
kaiser-bunbury2010;Kaiser-Bunbury et al 2010
kaiser-bunbury2014;Kaiser-Bunbury et al 2014
Kaiser-Bunbury2017_Bernica;Kaiser-Bunbury2017
Kaiser-Bunbury2017_Casse-dent;Kaiser-Bunbury2017
Kaiser-Bunbury2017_Copolia;Kaiser-Bunbury2017
Kaiser-Bunbury2017_La-Reserve;Kaiser-Bunbury2017
Kaiser-Bunbury2017_Rosebelle;Kaiser-Bunbury2017
Kaiser-Bunbury2017_Salazie;Kaiser-Bunbury2017
Kaiser-Bunbury2017_Tea-plantation;Kaiser-Bunbury2017
Kaiser-Bunbury2017_Trois-freres;Kaiser-Bunbury2017
Kakutani et al 1990;Kakutani1990
Kakutani1990;Kakutani1990
Kalko BCI zero intx removed;Kalko_BCI_zero_intx_removed
Kalko_BCI_zero_intx_removed;Kalko_BCI_zero_intx_removed
Kamke_2011;Kamke_2011
Kamruzzaman 2008;Kamruzzaman_2008
Kamruzzaman_2008;Kamruzzaman_2008
Kantak 1979;Kantak_1979
Kantak_1979;Kantak_1979
kantak1979;Kantak_1979
Kantak1979;Kantak_1979
Kantsa;Kantsa2018
Kantsa2018;Kantsa2018
karl havens1992;karl havens1992
Kato & Miura 1996;Kato & Miura 1996
Kato 2000;Kato 2000
Kato et al 1990;kato1990
Kato et al 1993;Kato1993
kato1990;kato1990
Kato1990;kato1990
kato1993;Kato1993
Kato1993;Kato1993
Kato1996;Kato1996
Kato1996b;Kato1996b
Kato2000;Kato2000
Kefi et al. (2015);Kefi et al. (2015)
Kehinde & Samways 2014;Kehinde & Samways 2014
Keshtkar et al 2005;Keshtkar et al 2005
Kessler-Rios 2012;Kessler-Rios_2012
Kessler-Rios_2012;Kessler-Rios_2012
Kevan 1970;kevan1970
kevan1970;kevan1970
Khan 1994;Khan 1994
kim&choi2021_A;kim&choi2021
kim&choi2021_B;kim&choi2021
Kindel_1996;Kindel_1996
Kishi et al 2017;Kishi et al 2017
KITA mammals added;KITA_mammals_added
Kitamura 2002;Kitamura_2002
Kitamura_2002;Kitamura_2002
Knuff2019;Knuff2019
Kohler 2011;kohler2011
kohler2011;kohler2011
Koike 2008;Koike_2008
Koike_2008;Koike_2008
kollars2013;kollars2013
kolpelke2017;kolpelke2017
Kone 2008;Kone_2008
Kone_2008;Kone_2008
Konig2022;Konig2022
Kopij_2000;Kopij_2000
Korichi 2012 thesis;Korichi 2012 thesis
koslucher1973;koslucher1973
Kroll, unpublished ;Kroll, unpublished 
kuusela1979;kuusela1979
l. saldanha1980;l. saldanha1980
Labbe 2011;Labbe_2011
Labbe_2011;Labbe_2011
Lafferty et al. (2006);Lafferty et al. (2006)
Lambert 1989;Lambert1989
lambert1989;Lambert1989
Lambert1989;Lambert1989
Landau_1999;Landau_1999
Langner_2011;Langner_2011
Lara 2006;Lara 2006
Lara-Romero et al 2016;Lara-Romero et al 2016
Lara-Romero_2016_nevero-Encroachedpasture-1;Lara-Romero et al 2016
Lara-Romero_2016_nevero-Encroachedpasture-10;Lara-Romero et al 2016
Lara-Romero_2016_nevero-Encroachedpasture-2;Lara-Romero et al 2016
Lara-Romero_2016_nevero-Encroachedpasture-3;Lara-Romero et al 2016
Lara-Romero_2016_nevero-Encroachedpasture-4;Lara-Romero et al 2016
Lara-Romero_2016_nevero-Encroachedpasture-5;Lara-Romero et al 2016
Lara-Romero_2016_nevero-Encroachedpasture-6;Lara-Romero et al 2016
Lara-Romero_2016_nevero-Encroachedpasture-7;Lara-Romero et al 2016
Lara-Romero_2016_nevero-Encroachedpasture-8;Lara-Romero et al 2016
Lara-Romero_2016_nevero-Encroachedpasture-9;Lara-Romero et al 2016
Lara-Romero_2016_nevero-Pasture-1;Lara-Romero et al 2016
Lara-Romero_2016_nevero-Pasture-2;Lara-Romero et al 2016
Lara-Romero_2016_nevero-Pasture-3;Lara-Romero et al 2016
Lara-Romero_2016_nevero-Pasture-4;Lara-Romero et al 2016
Lara-Romero_2016_nevero-Pasture-5;Lara-Romero et al 2016
Lara-Romero_2016_nevero-Pasture-6;Lara-Romero et al 2016
Lara-Romero_2016_nevero-Pasture-8;Lara-Romero et al 2016
Lara-Romero_2016_nevero-Pasture-9;Lara-Romero et al 2016
Lara-Romero_2016_penalara-Encroachedpasture-1;Lara-Romero et al 2016
Lara-Romero_2016_penalara-Encroachedpasture-10;Lara-Romero et al 2016
Lara-Romero_2016_penalara-Encroachedpasture-2;Lara-Romero et al 2016
Lara-Romero_2016_penalara-Encroachedpasture-3;Lara-Romero et al 2016
Lara-Romero_2016_penalara-Encroachedpasture-4;Lara-Romero et al 2016
Lara-Romero_2016_penalara-Encroachedpasture-5;Lara-Romero et al 2016
Lara-Romero_2016_penalara-Encroachedpasture-6;Lara-Romero et al 2016
Lara-Romero_2016_penalara-Encroachedpasture-7;Lara-Romero et al 2016
Lara-Romero_2016_penalara-Encroachedpasture-8;Lara-Romero et al 2016
Lara-Romero_2016_penalara-Encroachedpasture-9;Lara-Romero et al 2016
Lara-Romero_2016_penalara-Pasture-1;Lara-Romero et al 2016
Lara-Romero_2016_penalara-Pasture-10;Lara-Romero et al 2016
Lara-Romero_2016_penalara-Pasture-2;Lara-Romero et al 2016
Lara-Romero_2016_penalara-Pasture-3;Lara-Romero et al 2016
Lara-Romero_2016_penalara-Pasture-4;Lara-Romero et al 2016
Lara-Romero_2016_penalara-Pasture-5;Lara-Romero et al 2016
Lara-Romero_2016_penalara-Pasture-6;Lara-Romero et al 2016
Lara-Romero_2016_penalara-Pasture-7;Lara-Romero et al 2016
Lara-Romero_2016_penalara-Pasture-8;Lara-Romero et al 2016
Lara-Romero_2016_penalara-Pasture-9;Lara-Romero et al 2016
LaraC;Lara 2006
larsson1978;larsson1978
Las Casas et al 2012;Las Casas et al 2012
Las_2012;Las Casas et al 2012
LasCasas;Las Casas et al 2012
Lasprilla_2004;Lasprilla_2004
Layer et al. (2010);Layer et al. (2010)
Leather 1991;Leather 1991
Lecorff2000;Lecorff2000
Lefevre 2008;Lefevre_2008
Lefevre_2008;Lefevre_2008
Legagneux et al. (2014);Legagneux et al. (2014)
Lemus-Jimenez & Ramirez 2003;Lemus-Jimenez & Ramirez 2003
Leong1981;Leong1981
Lessa 2010;Lessa_2010
Lessa 2013;Lessa_2013
Lessa_2010;Lessa_2010
Lessa_2013;Lessa_2013
lewis2002;Lewis2002
Lewis2002;Lewis2002
Li_2020;Li_2020
Lima 2016;Lima_2016
Lima_2010;Lima_2010
Lima_2016;Lima_2016
liu2007;liu2007
Llaviuco_Tinoco;Llaviuco_Tinoco
Llewellyn 1952;Llewellyn_1952
Llewellyn_1952;Llewellyn_1952
Loayza 2006;Loayza_2006
Loayza_2006;Loayza_2006
Locatelli_1997;Locatelli_1997
Lopes_1998;Lopes_1998
Lopez & Vaughn 2004;Lopez_and_Vaughn_2004
Lopez_and_Vaughn_2004;Lopez_and_Vaughn_2004
Lopez-Bao 2015;Lopez-Bao 2015
Lou 2005;Lou_2005
Lou 2007;Lou_2007
Lou_2005;Lou_2005
Lou_2007;Lou_2007
Low_mountain_matrix_Norfolk;Low_mountain_matrix_Norfolk
Lozano-Rios 2013;Lozano-Rios 2013
Lundgen & Olesen 2005;Lundgren2005
lundgren2005;Lundgren2005
Lundgren2005;Lundgren2005
M_SD_001;Baird_1980
M_SD_002;Beehler_1983
M_SD_003;Carlo_2003
M_SD_004;Carlo_2003
M_SD_005;Carlo_2003
M_SD_006;Carlo_2003
M_SD_007;Crome1975
M_SD_008;Frost1980
M_SD_009;Galetti_1996
M_SD_010;Snow_1971
M_SD_012;Galetti_1996
M_SD_013;Hamann1999
M_SD_014;Jordano_1985
M_SD_015;Kantak_1979
M_SD_016;Lambert1989
M_SD_017;Tutin_1987
M_SD_018;Mack_1996
M_SD_019;Wheelwright_1984
M_SD_020;Jordano_unpub
M_SD_021;Jordano_unpub
M_SD_022;Silva_2002
M_SD_024;Guitián 1983
M_SD_026;Jordano_unpub
M_SD_027;Jordano_unpub
M_SD_028;Jordano_unpub
M_SD_029;Jordano_unpub
M_SD_030;Jordano_unpub
M_SD_031;Heleno_2013
M_SD_032;Poulin_1999
M_SD_033;Poulin_1999
M_SD_034;Schleuning_2011
m. a. hatanaka1977;m. a. hatanaka1977
m. bradstreet1982;m. bradstreet1982
m. e. vinogradov1978;m. e. vinogradov1978
m. j. dunbar1953;m. j. dunbar1953
M. Kulbicki et al. 2005;M. Kulbicki et al. 2005
M. L. Harmelin-Vivien 1979;M. L. Harmelin-Vivien 1979
m. r. landry1977;m. r. landry1977
M. Sano et al. 1984;M. Sano et al. 1984
Macfadyen_A1;Macfadyen_2009
Macfadyen_A10;Macfadyen_2009
Macfadyen_A2;Macfadyen_2009
Macfadyen_A3;Macfadyen_2009
Macfadyen_A4;Macfadyen_2009
Macfadyen_A5;Macfadyen_2009
Macfadyen_A6;Macfadyen_2009
Macfadyen_A7;Macfadyen_2009
Macfadyen_A8;Macfadyen_2009
Macfadyen_A9;Macfadyen_2009
Macfadyen_B1;Macfadyen_2009
Macfadyen_B10;Macfadyen_2009
Macfadyen_B2;Macfadyen_2009
Macfadyen_B3;Macfadyen_2009
Macfadyen_B4;Macfadyen_2009
Macfadyen_B5;Macfadyen_2009
Macfadyen_B6;Macfadyen_2009
Macfadyen_B7;Macfadyen_2009
Macfadyen_B8;Macfadyen_2009
Macfadyen_B9;Macfadyen_2009
Macfadyen2009_paras-herb_A1;Macfadyen_2009
Macfadyen2009_paras-herb_A10;Macfadyen_2009
Macfadyen2009_paras-herb_A2;Macfadyen_2009
Macfadyen2009_paras-herb_A3;Macfadyen_2009
Macfadyen2009_paras-herb_A4;Macfadyen_2009
Macfadyen2009_paras-herb_A5;Macfadyen_2009
Macfadyen2009_paras-herb_A6;Macfadyen_2009
Macfadyen2009_paras-herb_A7;Macfadyen_2009
Macfadyen2009_paras-herb_A8;Macfadyen_2009
Macfadyen2009_paras-herb_A9;Macfadyen_2009
Macfadyen2009_paras-herb_B1;Macfadyen_2009
Macfadyen2009_paras-herb_B2;Macfadyen_2009
Macfadyen2009_paras-herb_B3;Macfadyen_2009
Macfadyen2009_paras-herb_B4;Macfadyen_2009
Macfadyen2009_paras-herb_B5;Macfadyen_2009
Macfadyen2009_paras-herb_B6;Macfadyen_2009
Macfadyen2009_paras-herb_B7;Macfadyen_2009
Macfadyen2009_paras-herb_B8;Macfadyen_2009
Macfadyen2009_plant-herb_A1;Macfadyen_2009
Macfadyen2009_plant-herb_A10;Macfadyen_2009
Macfadyen2009_plant-herb_A2;Macfadyen_2009
Macfadyen2009_plant-herb_A3;Macfadyen_2009
Macfadyen2009_plant-herb_A4;Macfadyen_2009
Macfadyen2009_plant-herb_A5;Macfadyen_2009
Macfadyen2009_plant-herb_A6;Macfadyen_2009
Macfadyen2009_plant-herb_A7;Macfadyen_2009
Macfadyen2009_plant-herb_A8;Macfadyen_2009
Macfadyen2009_plant-herb_B1;Macfadyen_2009
Macfadyen2009_plant-herb_B2;Macfadyen_2009
Macfadyen2009_plant-herb_B3;Macfadyen_2009
Macfadyen2009_plant-herb_B4;Macfadyen_2009
Macfadyen2009_plant-herb_B8;Macfadyen_2009
Macfadyen2009_plant-herb_B9;Macfadyen_2009
MacFarlane 2016;MacFarlane_2016
MacFarlane_2016;MacFarlane_2016
Machado_2007;Machado_2007
Machado_2009;Machado_2009
Machado_2014;Machado_2014
Machado_2015;Machado_2015
Machado_2019;Machado-de-Souza_2019
Machado-de-Souza 2019;Machado-de-Souza_2019
Machado-de-Souza_2019;Machado-de-Souza_2019
Mack & Wright 1996;Mack & Wright 1996
mack and wright1996;Mack & Wright 1996
Mack1996;Mack & Wright 1996
Mackinnon 1980;Mackinnon 1980
MacMullen 1993;MacMullen 1993
Maglianesi_2014;Maglianesi_2014
Maglianesi_high;Maglianesi_2014
Maglianesi_low;Maglianesi_2014
Maglianesi_mid;Maglianesi_2014
Magrach et al 2017;Magrach et al 2017
Magrach2017_Germany_2011_high;Magrach et al 2017
Magrach2017_Germany_2011_low;Magrach et al 2017
Magrach2017_Germany_2012_high;Magrach et al 2017
Magrach2017_Germany_2012_low;Magrach et al 2017
Magrach2017_Sweden_2011_high;Magrach et al 2017
Magrach2017_Sweden_2011_low;Magrach et al 2017
Magrach2017_Sweden_2012_high;Magrach et al 2017
Magrach2017_Sweden_2012_low;Magrach et al 2017
Magrach2017_UK_2011_high;Magrach et al 2017
Magrach2017_UK_2011_low;Magrach et al 2017
Magrach2017_UK_2012_high;Magrach et al 2017
Magrach2017_UK_2012_low;Magrach et al 2017
Maguina 2012;Maguina 2012
Mahlmann_2014;Mahlmann_2014
Maia_2006;Maia_2006
MAIA_2010;MAIA_2010
Maia_2012;Maia_2012
MAIA_2012;Maia_2012
Malacco da Silva 2014;Malacco_da_Silva_2014
Malacco_da_Silva_2014;Malacco_da_Silva_2014
Malmborg 1988;Malmborg_1988
Malmborg_1988;Malmborg_1988
Malmborg_1988_1980;Malmborg_1988
Malmborg_1988_1981;Malmborg_1988
Malmborg_1988_1982;Malmborg_1988
Mancina 2007;Mancina 2007
Mancina_2007_dry;Mancina 2007
manuel j. zetina-rejon2003;manuel j. zetina-rejon2003
Marcos da Silva 2013;Marcos_da_Silva_2013
Marcos_da_Silva_2013;Marcos_da_Silva_2013
maria angeles torres2013;maria angeles torres2013
Marques_2018;Marques_2018
Marrero et al 2013;Marrero et al 2013
marshall1982;marshall1982
Martínez_2014;Martínez_2014
martins2020;martins2020
Maruyama;Maruyama_2015
Maruyama_2015;Maruyama_2015
Mascarenhas_2016;Mascarenhas_2016
Masetti2004_A;Masetti2004
Masetti2004_B;Masetti2004
Masetti2004_C;Masetti2004
massa2001_A;massa2001
massa2001_B;massa2001
massana1996;massana1996
Matias 2010;Matias 2010
mayse1978;mayse1978
Mazan_Tinoco;Mazan_Tinoco
mccullen1993;mccullen1993
mckinnerney1978;mckinnerney1978
McLaughlin et al. (2010);McLaughlin et al. (2010)
mcmullen1993;mcmullen1993
Medan et all 2002;Medan et all 2002
Medan2002-1;Medan et all 2002
Medan2002-2;Medan et all 2002
medan2002ld;Medan et all 2002
medan2002rb;Medan et all 2002
Medeiros_2020;Medeiros_2020
Meireles_2015;Meireles_2015
Mello 2014;Mello 2014
Mello_2014_Mata_de_Grota;Mello 2014
Memmott 1999;Memmott 1999
memmott1994;memmott1994
memmott1999;Memmott 1999
Mendonca;Mendonca et al. (2018)
Mendonca et al. (2018);Mendonca et al. (2018)
Menezes_2021;Menezes_2021
menge1976;menge1976
menge1986;menge1986
Menke 2012;Menke 2012
Menke_2012_edge_highly_dist;Menke 2012
Menke_2012_edge_little_dist;Menke 2012
Menke_2012_interior_highly_dist;Menke 2012
Menke_2012_interior_little_dist;Menke 2012
MICKELIUNAS_2006;MICKELIUNAS_2006
Mikich 2002;Mikich 2002
Milton 2001;Milton_2001
Milton_2001;Milton_2001
minckley1963;minckley1963
mninshall1976;mninshall1976
mohr1943;mohr1943
Mokotjomela 2013;Mokotjomela 2013
Montalva_2019;Montalva_2019
Montalvan 2015;Montalvan_2015
Montalvan_2015;Montalvan_2015
Montero 2005;Montero 2005
Montero-Castano et al 2017;Montero-Castano et al 2017
Montoya_2019;Montoya_2019
Moraes Weber 2011;Moraes Weber 2011
Morales et al 2006;Morales et al 2006
Moreira_2015;Moreira_2015
Moreno-Mosquera 2011;Moreno-Mosquera_2011
Moreno-Mosquera_2011;Moreno-Mosquera_2011
morgan1974;morgan1974
Mosquin & Martin 1967;Mosquin1967
mosquin1967;Mosquin1967
Mosquin1967;Mosquin1967
moten1982;Motten1982
Motta_1991;Motta_1991
motta2005;motta2005
Motten 1982;Motten1982
Motten1982;Motten1982
MSc thesis (not available);MSc thesis (not available)
Mulder & Elser (2009);Mulder & Elser (2009)
muller1999;muller1999
Munin 2012;Munin_2012
Munin_2012;Munin_2012
Muñoz_2017;Muñoz_2017
Munster 2008;Munster_2008
Munster_2008;Munster_2008
Mwangi 2009 MSc;Mwangi 2009 MSc
n. a. mackintosh1967;n. a. mackintosh1967
n. v. parin1970;n. v. parin1970
Nadai_2014;Nadai_2014
nakagawa_1;nakagawa_1
nakagawa_2;nakagawa_2
Naniwadekar_2019;Naniwadekar_2019
Nates-Parra et al 2006;Nates-Parra et al 2006
Nel et al 2017;Nel et al 2017
Neli 2014;Neli 2014
Nero_Tinoco;Nero_Tinoco
Nery_2018;Nery_2018
NETO_2006;NETO_2006
Neves_2006;Neves_2006
niering1963;niering1963
Nobrega_2016;Nobrega_2016
Nogales 2017;Nogales_2017
Nogales_2017;Nogales_2017
Noma 1997;Noma_1997
Noma_1997;Noma_1997
Novais_2013;Novais_2014
Novais_2014;Novais_2014
Novoa 2011;Novoa_2011
Novoa_2011;Novoa_2011
novotny2005;Novotny2005
Novotny2005;Novotny2005
novotny2012;Novotny2012
Novotny2012;Novotny2012
Nsiku (1999);Nsiku (1999)
nybakken2001;nybakken2001
O'Gorman et al. (2012);O'Gorman et al. (2012)
O’Donnell_1994;Odonnell_1994
Odonnell 1994;Odonnell_1994
Odonnell_1994;Odonnell_1994
olensen_garajoay;olensen_garajoay
Oleques et al 2019;Oleques et al 2019
Olesen 2018;Olesen_2018
Olesen et al 2002;Olesen2002
Olesen et al 2008;Olesen et al 2008
Olesen_2018;Olesen_2018
Olesen unpublished;Olesen unpublished
Olesen-3;Olesen unpublished
olesenNA;Olesen unpublished
olesen2002;Olesen2002
Olesen2002;Olesen2002
olesen2002aig;Olesen2002
olesen2002flo;Olesen2002
Olito;Olito-Fox2014
Olito-Fox2014;Olito-Fox2014
Ollerton et al 2003;Ollerton2003
Ollerton et all 2007;Ollerton et all 2007
Ollerton_2009;Ollerton_2009
ollerton2003;Ollerton2003
Ollerton2003;Ollerton2003
Opitz (1996);Opitz (1996)
Oppenheimer and Lill 2021;Oppenheimer and Lill 2021
Orford et al 2016;Orford et al 2016
Orford_2016_Farm-2012-A9;Orford et al 2016
Orford_2016_Farm-2012-B1;Orford et al 2016
Orford_2016_Farm-2012-B2;Orford et al 2016
Orford_2016_Farm-2012-B4;Orford et al 2016
Orford_2016_Farm-2012-B5;Orford et al 2016
Orford_2016_Farm-2012-B6;Orford et al 2016
Orford_2016_Farm-2012-B7;Orford et al 2016
Orford_2016_Farm-2012-B8;Orford et al 2016
Orford_2016_Farm-2012-B9;Orford et al 2016
Orford_2016_Farm-2013-B1;Orford et al 2016
Orford_2016_Farm-2013-B2;Orford et al 2016
Orford_2016_Farm-2013-B4;Orford et al 2016
Orford_2016_Farm-2013-B7;Orford et al 2016
Orford_2016_Field-10;Orford et al 2016
Orford_2016_Field-13;Orford et al 2016
Orford_2016_Field-15;Orford et al 2016
Orford_2016_Field-19;Orford et al 2016
Orford_2016_Field-24;Orford et al 2016
Orford_2016_Field-27;Orford et al 2016
Orford_2016_Field-28;Orford et al 2016
Orford_2016_Field-33;Orford et al 2016
Orford_2016_Field-36;Orford et al 2016
Orford_2016_Field-4;Orford et al 2016
Orford_2016_Field-40;Orford et al 2016
Orford_2016_Field-42;Orford et al 2016
Orford_2016_Field-45;Orford et al 2016
Orford_2016_Field-49;Orford et al 2016
Orford_2016_Field-51;Orford et al 2016
Orford_2016_Field-54;Orford et al 2016
Orford_2016_Field-55;Orford et al 2016
Orford_2016_Field-58;Orford et al 2016
Orford_2016_Field-63;Orford et al 2016
Orford_2016_Field-64;Orford et al 2016
Orford_2016_Field-67;Orford et al 2016
Orford_2016_Field-7;Orford et al 2016
Orford_2016_Field-72;Orford et al 2016
Orford_2016_Field-9;Orford et al 2016
Ortiz-Pulido 2000;Ortiz-Pulido_2000
Ortiz-Pulido_2000;Ortiz-Pulido_2000
P. A. Cotton 1998;P. A. Cotton 1998
P. K. Maruyama et al. (2015);P. K. Maruyama et al. 2015
P. K. Maruyama et al. 2015;P. K. Maruyama et al. 2015
paine1980;paine1980
Palacios 2016;Palacios_2016
Palacios_2016;Palacios_2016
Palita 2011;Palita_2011
Palita_2011;Palita_2011
Palmeirim 1989;Palmeirim_1989
Palmeirim_1989;Palmeirim_1989
Pansarin_2014;Pansarin_2014
parker2006;parker2006
Partida_2012;Partida_2012
Partida_2018;Partida-Lara et al. 2018
Partida-Lara et al. 2018;Partida-Lara et al. 2018
Passmore2012-2107-FF;Passmore2012
Passmore2012-2108-FF;Passmore2012
Passmore2012-Camp41-CF;Passmore2012
Passmore2012-Colosso-FF;Passmore2012
Passmore2012-Dimona-CF;Passmore2012
Passmore2012-Florestal-CF;Passmore2012
Passmore2012-PortoAlegre-CF;Passmore2012
Passmore2012-PortoAlegre-FF;Passmore2012
Passos 2003;Passos_2003
Passos_2003;Passos_2003
patten1975;patten1975
Paul CaraDonna2020;Caradonna_2020
PAULINO_2014;PAULINO_2014
Pearse2013;Pearse2013
pearson&altermatt2013;pearson&altermatt2013
Pedro 1992;Pedro_1992
Pedro_1992;Pedro_1992
Pedron_2012;Pedron_2012
Pejchar 2015;Pejchar 2015
Peralta2017;Peralta2017
Percival 1974;Percival1974
percival1929;percival1929
percival1974;Percival1974
Percival1974;Percival1974
Peredo 2013;Peredo 2013
Peredo_2013_Pto_de_San_Lorenzo;Peredo 2013
Peredo_2013_Puertos_de_Marabio;Peredo 2013
Perez-Torres 2004;Perez-Torres 2004
Perez-Torres_2004;Perez-Torres_2004
Petanidou 1991;Petanidou 1991
petanidou1991;Petanidou 1991
peter yodzis1998;Yodzis_1988
Pfeiffer MsC Thesis 2012;Pfeiffer MsC Thesis 2012
philipp2006;Philipp2006
Philipp2006;Philipp2006
Phillipp et al 2006;Philipp2006
Piechnik et al. (2008), Simberloff and Wilson (1969);Piechnik et al. (2008), Simberloff and Wilson (1969)
Pilosof2013_1982;Pilosof_2013
Pilosof2013_1983;Pilosof_2013
Pilosof2013_1984;Pilosof_2013
Pilosof2013_1985;Pilosof_2013
Pilosof2013_1986;Pilosof_2013
Pilosof2013_1987;Pilosof_2013
Pinheiro et al 2008;Pinheiro et al 2008
Piratelli_1992;Piratelli_1992
Pitteloud2020_B1;Pitteloud_2020
Pitteloud2020_B2;Pitteloud_2020
Pitteloud2020_B3;Pitteloud_2020
Pitteloud2020_B4;Pitteloud_2020
Pitteloud2020_B5.1;Pitteloud_2020
Pitteloud2020_B5.2;Pitteloud_2020
Pitteloud2020_B6;Pitteloud_2020
Pitteloud2020_B7;Pitteloud_2020
Pitteloud2020_B8;Pitteloud_2020
Pitteloud2020_C1;Pitteloud_2020
Pitteloud2020_C2;Pitteloud_2020
Pitteloud2020_C3;Pitteloud_2020
Pitteloud2020_C4;Pitteloud_2020
Pitteloud2020_C5;Pitteloud_2020
Pitteloud2020_C6;Pitteloud_2020
Pitteloud2020_C7;Pitteloud_2020
Pitteloud2020_C8;Pitteloud_2020
Pitteloud2020_F1;Pitteloud_2020
Pitteloud2020_F2;Pitteloud_2020
Pitteloud2020_F3;Pitteloud_2020
Pitteloud2020_F4;Pitteloud_2020
Pitteloud2020_F5;Pitteloud_2020
Pitteloud2020_F6;Pitteloud_2020
Pitteloud2020_F7;Pitteloud_2020
Pitteloud2020_F8;Pitteloud_2020
Pitteloud2020_G1;Pitteloud_2020
Pitteloud2020_G2;Pitteloud_2020
Pitteloud2020_G3;Pitteloud_2020
Pitteloud2020_G4;Pitteloud_2020
Pitteloud2020_G5;Pitteloud_2020
Pitteloud2020_G6;Pitteloud_2020
Pitteloud2020_G7;Pitteloud_2020
Pitteloud2020_G8;Pitteloud_2020
Pitteloud2020_M1;Pitteloud_2020
Pitteloud2020_M2;Pitteloud_2020
Pitteloud2020_M3;Pitteloud_2020
Pitteloud2020_M4;Pitteloud_2020
Pitteloud2020_M5;Pitteloud_2020
Pitteloud2020_M6;Pitteloud_2020
Pitteloud2020_M7;Pitteloud_2020
Pitteloud2020_M8;Pitteloud_2020
Pitteloud2020_S1;Pitteloud_2020
Pitteloud2020_S2;Pitteloud_2020
Pitteloud2020_S3;Pitteloud_2020
Pitteloud2020_S4;Pitteloud_2020
Pitteloud2020_S5;Pitteloud_2020
Pitteloud2020_S6;Pitteloud_2020
Pitteloud2020_S7;Pitteloud_2020
Pitteloud2020_S8;Pitteloud_2020
Pizo_2004;Pizo_2004
Plein 2013;Plein_2013
Plein_2013;Plein_2013
Plein_2013_Farmland_autumn;Plein_2013
Plein_2013_Farmland_summer;Plein_2013
Plein_2013_Forest_autumn;Plein_2013
Plein_2013_Orchard_autumn;Plein_2013
Plein_2013_Orchard_summer;Plein_2013
pocock2012;pocock2012
pocock2012_aphid;pocock2012
ponisio2017;ponisio2017
Popic et al. 2013;Popic et al. 2013
Popic PhD Thesis 2013;Popic et al. 2013
Pornon et al 2017;Pornon et al 2017
Poulin et al 1999;Poulin et al 1999
Poulin1999_psychotria;Poulin et al 1999
Poulsen 2001 2002 primates;Poulsen_2001
Poulsen_2001_2002_primates;Poulsen_2001
prado2004;prado2004
Prather 2000;Prather_2000
Prather_2000;Prather_2000
Pratt 1985;Pratt_1985
Pratt_1985;Pratt_1985
Preciado-Benitez 2015;Preciado-Benitez_2015
Preciado-Benitez_2015;Preciado-Benitez_2015
Primack 1983;Primack 1983
Primack1983-1;Primack 1983
Primack1983-2;Primack 1983
Primack1983-3;Primack 1983
primack1983art;Primack 1983
primack1983cass;Primack 1983
primack1983craig;Primack 1983
Purificacao 2014;Purificacao 2014
Purificacao_2014_forest_dry;Purificacao 2014
Purificacao_2014_savannah_dry;Purificacao 2014
Purificacao_2014_savannah_rainy;Purificacao 2014
Quijano-Vasquez 2017;Quijano-Vasquez_2017
Quijano-Vasquez_2017;Quijano-Vasquez_2017
Quitian 2018;Quitian_2018
Quitián_2018;Quitian_2018
Quitián_2018;Quitian_2018
Quitian_2018_1000Fragmented;Quitian_2018
Quitian_2018_1000Natural;Quitian_2018
Quitian_2018_2000Fragmented;Quitian_2018
Quitian_2018_2000Natural;Quitian_2018
r. filgueira2011;filgueira2011
R. W. Hiatt & D. W. Strasbourg 1960;R. W. Hiatt & D. W. Strasbourg 1960
ralph w. dexter1947;ralph w. dexter1947
Ramaswami 2017;Ramaswami_2017
Ramaswami_2017;Ramaswami_2017
Ramirez & Brito 1992;Ramirez1992
Ramirez 1989;Ramirez1989
Ramírez_2017;Ramírez_2017
ramirez1989;Ramirez1989
Ramirez1989;Ramirez1989
ramirez1992;Ramirez1992
Ramirez1992;Ramirez1992
Ramos_1999;Ramos_1999
Ramos_2005;Ramos_2005
Ramos_2016;Ramos_2016
Ramos-Robles 2016;Ramos_2016
Ramos-Robles 2018;Ramos-Robles_2018
Ramos-Robles_2016_net10;Ramos_2016
Ramos-Robles_2016_net2;Ramos_2016
Ramos-Robles_2016_net3;Ramos_2016
Ramos-Robles_2016_net4;Ramos_2016
Ramos-Robles_2016_net6;Ramos_2016
Ramos-Robles_2016_net7;Ramos_2016
Ramos-Robles_2016_net8;Ramos_2016
Ramos-Robles_2018;Ramos-Robles_2018
Rauque;Rauque
rayner2010;rayner2010
Razafindratsima 2013;Razafindratsima 2013
rd brodeur1992;brodeur1992
Reid 2011;Reid_2011
Reid_2011;Reid_2011
rejmanek and stary1979;rejmanek and stary1979
Rezende_2017;Rezende_2017
Ribeiro_2015;Ribeiro_2015
Ribeiro_2018;Ribeiro_2018
ricciardi2010;ricciardi2010
richard b. primack1983;Primack 1983
richards1926;richards1926
Richiardi et all 2010;ricciardi2010
Rios-Blanco 2015;Rios-Blanco 2015
roberson1929;Robertson 1929
robert r. christian1999;Christian & Luczkovich 1999
robert w. hiatt1960;R. W. Hiatt & D. W. Strasbourg 1960
Robertson 1929;Robertson 1929
robertson1929;Robertson 1929
Robinson 2015;Robinson_2015
Robinson et al 2018;Robinson et al 2018
Robinson_2015;Robinson_2015
robinson1953;robinson1953
Rocha_2011;Rocha_2011
Rodrigues and Rodrigues 2014;Rodrigues_2014
Rodrigues_2011;Rodrigues_2011
Rodrigues_2014;Rodrigues_2014
Rodrigues_2015;Rodrigues_2015
Romero_2011;Romero_2011
ronaldo angelini2010;angelini2010
Roopnarine2013;Roopnarine2013
Rosalino 2010;Rosalino 2010
Rosalino_2010;Rosalino_2010
rosenthal, r. j.1974;rosenthal, r. j.1974
Rosero-Lasprilla & Sazima 2004;Rosero-Lasprilla & Sazima 2004
ross m. thompson2004;thompson2004
Rost 2012;Rost 2012
Rozzi 1996;Rozzi_1996
Rozzi_1996;Rozzi_1996
Ruggera 2016;Ruggera_2016
Ruggera_2016;Ruggera_2016
Ruggera_2016_A;Ruggera_2016
Ruggera_2016_Chorro_de_Loros;Ruggera_2016
Ruggera_2016_EcoPortal;Ruggera_2016
Ruggera_2016_El_Noglar;Ruggera_2016
Ruggera_2016_La_Florida;Ruggera_2016
Ruggera_2016_Los_Chorizos;Ruggera_2016
Ruggera_2016_Pozo_Verde;Ruggera_2016
Ruggera_2016_Quebrada_del_Port;Ruggera_2016
Ruggera_2016_San_Javier;Ruggera_2016
Ruggera_2016_Sevenguillar;Ruggera_2016
Rumeu_2017;Rumeu_2017
S. Hobson 1974;Hobson 1974
s. z. qazim1970;qazim1970
Sa_2012;Sa_2012
SAAV;Saavedra_2014
SAAV1;Saavedra_2014
SAAV2;Saavedra_2014
Saavedra_2014;Saavedra_2014
Saavedra2017_initial_A;Saavedra_2017
Saavedra2017_initial_B;Saavedra_2017
Saavedra2017_initial_C;Saavedra_2017
Saavedra2017_late_A;Saavedra_2017
Saavedra2017_late_B;Saavedra_2017
Saavedra2017_late_C;Saavedra_2017
Saavedra2017_middle_A;Saavedra_2017
Saavedra2017_middle_B;Saavedra_2017
Saavedra2017_middle_C;Saavedra_2017
Sabatino et al. 2010;Sabatino_2010
Sabatino_1;Sabatino_2010
Sabatino_2;Sabatino_2010
Sabatino_3;Sabatino_2010
Sabatino_4;Sabatino_2010
Sabatino_5;Sabatino_2010
Sabino_2011;Sabino_2011
Saldana-Vasquez 2010;Saldana-Vasquez 2010
Sanchez 2012;Sanchez 2012
Sanchez_2012_Iguazu;Sanchez 2012
Sanguinetti_2012;Sanguinetti_2012
Sanitjan 2009;Sanitjan 2009
Sanitjan_2009_ML_primary_forest;Sanitjan 2009
Sanitjan_2009_XTBG_arboretum;Sanitjan 2009
Sanjaya2016;Sanjaya2016
Sankamethawee 2011;Sankamethawee_2011
Sankamethawee_2011;Sankamethawee_2011
Santiago 2014;Santiago 2014
Santiago_2014_close_to_remnant;Santiago 2014
Santiago_2014_far_from_remnant;Santiago 2014
Santos2006;Santos2006
Santos2010;Santos2010
SantosdeAraujo2019;SantosdeAraujo2019
SARM whole network from paper;Sarmento_2014
SARM_whole_network_from_paper;Sarmento_2014
savely_19391939;savely_1939
Sazatornil_2016;Sazatornil_2016
Sazima_1975;Sazima_1975
Sazima_1996;Sazima_1996
Schemske et al 1978;Schemske1978
schemske1978;Schemske1978
Schemske1978;Schemske1978
Scherer 2007;Scherer_2007
Scherer_2007;Scherer_2007
Schleuning et al 2010;Schleuning et al 2010
Schleuning_2011;Schleuning_2011
Schmitz_2005;Schmitz_2005
Schmitz_2009;Schmitz_2009
Schmitz_2019;Schmitz_2019
Schneiberg_2020;Schneiberg_2020
schneider1997;schneider1997
schoenly and reid1983;schoenly1983
schoenly1983;schoenly1983
seifert1976a;seifert1976
seifert1979;seifert1979
seifert2020_A;seifert2020
seifert2020_B;seifert2020
seifert2020_C;seifert2020
Sethi 2012;Sethi_2012
Sethi_2012;Sethi_2012
Shay2016;Shay2016
Shilton 2009;Shilton 2009
shimada2020;shimada2020
Shinohara2019_Abandoned_1;Shinohara_2019
Shinohara2019_Abandoned_2;Shinohara_2019
Shinohara2019_Abandoned_3;Shinohara_2019
Shinohara2019_Abandoned_4;Shinohara_2019
Shinohara2019_Extensively_managed_1;Shinohara_2019
Shinohara2019_Extensively_managed_2;Shinohara_2019
Shinohara2019_Extensively_managed_3;Shinohara_2019
Shinohara2019_Extensively_managed_4;Shinohara_2019
Shinohara2019_Intensively_managed_1;Shinohara_2019
Shinohara2019_Intensively_managed_2;Shinohara_2019
Shinohara2019_Intensively_managed_3;Shinohara_2019
Shinohara2019_Intensively_managed_4;Shinohara_2019
Sidorov et al 2016;Sidorov et al 2016
Silva et al 2002;Silva_2002
Silva Oliveira 2018;Silva_Oliveira_2018
Silva_2002;Silva_2002
Silva_2006;Silva_2006
Silva_2007;Silva_2007
Silva_2010;Silva_2010
Silva_2011;Silva_2011
Silva_2014;Silva_2014
Silva_Oliveira_2018;Silva_Oliveira_2018
silva2002;Silva_2002
Silveira 2006;Silveira_2006
Silveira_2006;Silveira_2006
Silveira_2014;Silveira_2014
Silveira2021_nonpreserved;Silveira_2021
Silveira2021_preserved;Silveira_2021
Simanonok & Burkle 2014;Simanonok & Burkle 2014
Simmen 1996;Simmen 1996
Singer_1999;Singer_1999
Singer_2001;Singer_2001
Singer_2001;Singer_2001
Singer_2002;Singer_2002
Singer_2004;Singer_2004
Singer_2007;Singer_2007
site01_period01_Martins;Martins_NA
site03_period01_Martins;Martins_NA
site04_period01_Martins;Martins_NA
site05_period01_Martins;Martins_NA
site06_period01_Martins;Martins_NA
site07_period01_Martins;Martins_NA
site08_period01_Martins;Martins_NA
site09_period01_Martins;Martins_NA
site10_period01_Martins;Martins_NA
Skeate 1985;Skeate_1985
Skeate_1985;Skeate_1985
Skutch 1980;Skutch_1980
Skutch_1980;Skutch_1980
Small 1976;Small1976
small1976;Small1976
Small1976;Small1976
Smidt_2006;Smidt_2006
Smith_2005;Smith_2005
Smith-Ramírez et al 2005;Smith_2005
smith-ramirez2005;Smith_2005
Smith-Ramirez2005;Smith_2005
Snow & Snow 1971;Snow & Snow 1971
Snow & Snow 1988;Snow 1988
Snow 1988;Snow 1988
Snow and Snow 1972;Snow_1972
Snow_1972;Snow_1972
Snow_1980;Snow_1980
Snow_1986;Snow_1986
Snow_1988_DJF;Snow 1988
Snow_1988_JJA;Snow 1988
Snow_1988_MAM;Snow 1988
Snow_1988_SON;Snow 1988
Soares_2018;Soares_2018
Sociobiology_2017;Lima_2017
Soh & Ngiam 2013;Soh & Ngiam 2013
Son 2019;Son 2019
Sonne_2019;Sonne_2019
Sorensen 1981;Sorensen_1981
Sorensen_1981;Sorensen_1981
Souza Gomes 2008;Souza Gomes 2008
Souza Laurindo 2017;Souza Laurindo 2017
Souza_2012;Souza_2012
Souza_2013;Souza_2013
Souza_cerrado;Souza_NA
Souza_chaco;Souza_NA
Souza_Gomes_2008_primary_forest;Souza Gomes 2008
Souza_Gomes_2008_secondary_fore;Souza Gomes 2008
Souza_Laurindo_2017;Souza_Laurindo_2017
Souza_pantanal;Souza_NA
Souza_vereda;Souza_NA
Spotswood 2012;Spotswood_2012
Spotswood_2012;Spotswood_2012
Sritongchuay et al 2019;Sritongchuay et al 2019
Sritongchuay_bat;Sritongchuay et al 2019
Stald 2003;Stald 2003
Stald et al 2003;Stald 2003
Stanley_2002;Stanley_2002
stary2008;Stary2008
Stary2008;Stary2008
Steiner_2010;Steiner_2010
Stevenson 2015;Stevenson 2015
stewart2011;stewart2011
Stiebel 2008;Stiebel 2008
Stiebel_2003;Stiebel_2003
Stireman2003;Stireman2003
Struck1994;Struck1994
Suarez-Castro 2015;Suarez-Castro_2015
Suarez-Castro_2015;Suarez-Castro_2015
Sudhakaran 2012;Sudhakaran 2012
Sugiura2007;Sugiura2007
Sugiura2010;Sugiura2010
sugiura2020;sugiura2020
summerhayes1928;summerhayes1928
Sun 1997;Sun 1997
Sutherland (1989), Havens (1992);Sutherland_1989
Suzuki 2007;Suzuki_2007
Suzuki_2007;Suzuki_2007
swan1961;swan1961
Sydenham2018;Sydenham2018
Szpeiner2008;Szpeiner2008
t. a. clarke1967;Clarke1967
t. s. petipa1970;Petipa1970
Tahar2015;Tahar2015
tavakilian1997;Tavakilian1997
Tavakilian1997;Tavakilian1997
Tavares 2007;Tavares_2007
Tavares_2007;Tavares_2007
tavares-cromar1996;tavares-cromar1996
tcharntke;tcharntke
teal1962;teal1962
Teles_2009;Teles_2009
thomas m. lancraft1991;Lancraft_1991
Thompson and Townsend 2000;Thompson_2000
Thompson and Townsend 2003;Thompson_2003
thompson2004;thompson2004
tilly1968;tilly1968
Timóteo_2018;Timóteo_2018
Tinoco_2017;Tinoco_2017
Todorov2014;Todorov2014
Toledo 2018;Toledo_2018
Toledo_2018;Toledo_2018
Torres et all 2013;Torres et all 2013
Townsend et al. (1998);Townsend_1998
Townsend et all 1998;Townsend_1998
Traveset 1992;Traveset_1992
Traveset et al 2013;Traveset et al 2013
Traveset_1992;Traveset_1992
Trojelsgaard et al 2015;Trojelsgaard_2015
Trojelsgaard_2015_Site1_WesternSahara1;Trojelsgaard_2015
Trojelsgaard_2015_Site10_TenerifeTeno2;Trojelsgaard_2015
Trojelsgaard_2015_Site11_Gomera1;Trojelsgaard_2015
Trojelsgaard_2015_Site12_Gomera2;Trojelsgaard_2015
Trojelsgaard_2015_Site13_Hierro1;Trojelsgaard_2015
Trojelsgaard_2015_Site14_Hierro2;Trojelsgaard_2015
Trojelsgaard_2015_Site2_WesternSahara2;Trojelsgaard_2015
Trojelsgaard_2015_Site3_Fuerteventura1;Trojelsgaard_2015
Trojelsgaard_2015_Site4_Fuerteventura2;Trojelsgaard_2015
Trojelsgaard_2015_Site5_GranCanaria1;Trojelsgaard_2015
Trojelsgaard_2015_Site6_GranCanaria2;Trojelsgaard_2015
Trojelsgaard_2015_Site7_TenerifeSouth1;Trojelsgaard_2015
Trojelsgaard_2015_Site8_TenerifeSouth2;Trojelsgaard_2015
Trojelsgaard_2015_Site9_TenerifeTeno1;Trojelsgaard_2015
Tur et al 2013;Tur_2013
Tur2013-CN;Tur_2013
Tur2013-PC;Tur_2013
Tutin et al 1997;Tutin1997
tutin1997;Tutin1997
Tutin1997;Tutin1997
twomey1945;twomey1945
ueckert;Ueckert
Ueckert;Ueckert
Ungar 1995;Ungar 1995
Unpublished, see Jordano 1993;Jordano_1993
v.h. cruz-escalona2007;Cruz-escalona_2007
valiela1974;valiela1974
Vanbergen et al 2013;Vanbergen et al 2013
varassin2012;Varassin2012
Varassin2012;Varassin2012
Vasconcelos_1999;Vasconcelos_1999
Vazquez;Vazquez_NA
Vázquez 2002;Vazquez_2002
vazquez2002;Vazquez_2002
Velazquez 2010;Velazquez_2010
Velazquez_2010;Velazquez_2010
VELHO;Velho_2012
Velho_2012;Velho_2012
VELHO2;Velho_2012
Villalobos et al 2019;Villalobos et al 2019
Villate Suarez 2017;Villate Suarez 2017
Vizentin;Vizentin_NA
Vizentin_2016;Vizentin-Bugoni_2016
Vizentin_2019;Vizentin-Bugoni_2019
Vizentin-Bugoni 2019;Vizentin-Bugoni_2019
Vizentin-Bugoni et al 2016;Vizentin-Bugoni_2016
Vizentin-Bugoni_2019_EKA;Vizentin-Bugoni_2019
Vizentin-Bugoni_2019_KAH;Vizentin-Bugoni_2019
Vizentin-Bugoni_2019_MOA;Vizentin-Bugoni_2019
Vizentin-Bugoni_2019_MTK;Vizentin-Bugoni_2019
Vizentin-Bugoni_2019_PAH;Vizentin-Bugoni_2019
Vizentin-Bugoni_2019_TAN;Vizentin-Bugoni_2019
Vizentin-Bugoni_2019_WAI;Vizentin-Bugoni_2019
Vleut 2015;Vleut 2015
Volf2017_Lanzhot;Volf2017
Volf2017_Mikulcice;Volf2017
Volf2017_Tomakomai;Volf2017
Vollstädt_2017;Vollstädt_2017
w. e. odum1975;odum1975
w. m. kemp1977;kemp1977
walker o smith2006;smith2006
Walther 2018;Walther_2018
Walther and Brieschke 2001;Walther_2001
Walther_2001;Walther_2001
Walther_2018;Walther_2018
Warren (1989);Warren_1989
warren1989;Warren_1989
Watts et al 2016;Watts_2016
Watts et al 2016 + thesis;Watts_2016
Watts_2016;Watts_2016
Weiner2011;Weiner2011
Welti & Joern 2018;Welti & Joern 2018
Wheelwright et al 1984;Wheelwright_1984
wheelwright1984;Wheelwright_1984
whittaker1984;whittaker1984
wilbur1972;wilbur1972
Williams 1996;Williams_1996
Williams_1996;Williams_1996
Williams_1996_Eves;Williams_1996
Williams_1996_Marsden;Williams_1996
Wilms 2006;Wilms_2006
Wilms_2006;Wilms_2006
Witt 1998;Witt1998
witt1998;Witt1998
Witt1998;Witt1998
Wolf_1976;Wolf_1976
Wolfe 2014;Wolfe_2014
Wolfe_2014;Wolfe_2014
Wood 1954;Wood 1954
Wyman 2017;Wyman_2017
Wyman_2017;Wyman_2017
Xi2020;Xi2020
Yamazaki & Kato 2003;Yamazaki2003
yamazaki2003;Yamazaki2003
Yamazaki2003;Yamazaki2003
yanez-arancibia, alejandro1978;yanez-arancibia, alejandro1978
Yasuda 2005;Yasuda 2005
Yoshihara et al 2008;Yoshihara et al 2008
Young 2012;Young_2012
Young_2012;Young_2012
Zamora-Delgado 2008;Zamora-Delgado_2008
Zamora-Delgado_2008;Zamora-Delgado_2008
Zapata-Mesa 2017;Zapata-Mesa 2017
Zapata-Mesa_2017_MR_September;Zapata-Mesa 2017
zaret1973;zaret1973
Zhu2018;Zhu2018
Zillikens_2011;Zillikens_2011
AI22_10;AI22_10
AI22_100;AI22_100
AI22_1000;AI22_1000
AI22_1001;AI22_1001
AI22_1002;AI22_1002
AI22_1003;AI22_1003
AI22_1004;AI22_1004
AI22_1005;AI22_1005
AI22_1006;AI22_1006
AI22_1007;AI22_1007
AI22_1008;AI22_1008
AI22_1009;AI22_1009
AI22_101;AI22_101
AI22_1010;AI22_1010
AI22_1013;AI22_1013
AI22_1014;AI22_1014
AI22_1015;AI22_1015
AI22_1016;AI22_1016
AI22_1018;AI22_1018
AI22_1028;AI22_1028
AI22_1030;AI22_1030
AI22_1031;AI22_1031
AI22_1032;AI22_1032
AI22_1036;AI22_1036
AI22_1038;AI22_1038
AI22_1046;AI22_1046
AI22_1047;AI22_1047
AI22_1053;AI22_1053
AI22_1054;AI22_1054
AI22_1056;AI22_1056
AI22_1058;AI22_1058
AI22_1059;AI22_1059
AI22_106;AI22_106
AI22_1060;AI22_1060
AI22_1064;AI22_1064
AI22_1065;AI22_1065
AI22_1066;AI22_1066
AI22_1067;AI22_1067
AI22_1068;AI22_1068
AI22_107;AI22_107
AI22_1070;AI22_1070
AI22_1072;AI22_1072
AI22_1074;AI22_1074
AI22_1076;AI22_1076
AI22_108;AI22_108
AI22_1082;AI22_1082
AI22_109;AI22_109
AI22_1090;AI22_1090
AI22_1091;AI22_1091
AI22_1094;AI22_1094
AI22_1095;AI22_1095
AI22_1096;AI22_1096
AI22_1097;AI22_1097
AI22_1098;AI22_1098
AI22_1099;AI22_1099
AI22_110;AI22_110
AI22_1100;AI22_1100
AI22_1101;AI22_1101
AI22_1104;AI22_1104
AI22_1105;AI22_1105
AI22_1107;AI22_1107
AI22_1109;AI22_1109
AI22_1110;AI22_1110
AI22_1111;AI22_1111
AI22_1112;AI22_1112
AI22_1113;AI22_1113
AI22_1116;AI22_1116
AI22_1117;AI22_1117
AI22_1118;AI22_1118
AI22_1120;AI22_1120
AI22_1121;AI22_1121
AI22_1122;AI22_1122
AI22_1123;AI22_1123
AI22_1124;AI22_1124
AI22_1125;AI22_1125
AI22_1126;AI22_1126
AI22_1127;AI22_1127
AI22_1128;AI22_1128
AI22_1129;AI22_1129
AI22_113;AI22_113
AI22_1130;AI22_1130
AI22_1131;AI22_1131
AI22_1132;AI22_1132
AI22_1133;AI22_1133
AI22_1134;AI22_1134
AI22_1135;AI22_1135
AI22_1136;AI22_1136
AI22_1137;AI22_1137
AI22_1138;AI22_1138
AI22_1139;AI22_1139
AI22_1140;AI22_1140
AI22_1142;AI22_1142
AI22_1144;AI22_1144
AI22_1145;AI22_1145
AI22_1147;AI22_1147
AI22_1148;AI22_1148
AI22_1149;AI22_1149
AI22_1151;AI22_1151
AI22_1153;AI22_1153
AI22_1154;AI22_1154
AI22_1156;AI22_1156
AI22_1158;AI22_1158
AI22_1160;AI22_1160
AI22_1161;AI22_1161
AI22_1162;AI22_1162
AI22_1163;AI22_1163
AI22_1164;AI22_1164
AI22_1165;AI22_1165
AI22_1166;AI22_1166
AI22_1168;AI22_1168
AI22_1170;AI22_1170
AI22_1171;AI22_1171
AI22_1172;AI22_1172
AI22_1173;AI22_1173
AI22_1174;AI22_1174
AI22_1176;AI22_1176
AI22_1178;AI22_1178
AI22_1179;AI22_1179
AI22_1180;AI22_1180
AI22_1182;AI22_1182
AI22_1184;AI22_1184
AI22_1185;AI22_1185
AI22_1186;AI22_1186
AI22_1188;AI22_1188
AI22_1190;AI22_1190
AI22_1193;AI22_1193
AI22_1194;AI22_1194
AI22_1196;AI22_1196
AI22_1198;AI22_1198
AI22_120;AI22_120
AI22_1200;AI22_1200
AI22_1202;AI22_1202
AI22_1204;AI22_1204
AI22_1205;AI22_1205
AI22_1206;AI22_1206
AI22_1207;AI22_1207
AI22_1208;AI22_1208
AI22_1209;AI22_1209
AI22_1210;AI22_1210
AI22_1212;AI22_1212
AI22_1215;AI22_1215
AI22_1218;AI22_1218
AI22_1219;AI22_1219
AI22_1220;AI22_1220
AI22_1221;AI22_1221
AI22_1222;AI22_1222
AI22_1223;AI22_1223
AI22_1224;AI22_1224
AI22_1225;AI22_1225
AI22_1227;AI22_1227
AI22_1228;AI22_1228
AI22_123;AI22_123
AI22_1232;AI22_1232
AI22_1234;AI22_1234
AI22_1236;AI22_1236
AI22_1238;AI22_1238
AI22_124;AI22_124
AI22_1262;AI22_1262
AI22_1268;AI22_1268
AI22_1269;AI22_1269
AI22_127;AI22_127
AI22_1270;AI22_1270
AI22_1271;AI22_1271
AI22_1279;AI22_1279
AI22_1287;AI22_1287
AI22_1288;AI22_1288
AI22_1289;AI22_1289
AI22_1296;AI22_1296
AI22_130;AI22_130
AI22_1306;AI22_1306
AI22_131;AI22_131
AI22_1348;AI22_1348
AI22_146;AI22_146
AI22_147;AI22_147
AI22_151;AI22_151
AI22_152;AI22_152
AI22_153;AI22_153
AI22_154;AI22_154
AI22_155;AI22_155
AI22_157;AI22_157
AI22_158;AI22_158
AI22_159;AI22_159
AI22_160;AI22_160
AI22_161;AI22_161
AI22_162;AI22_162
AI22_163;AI22_163
AI22_164;AI22_164
AI22_165;AI22_165
AI22_166;AI22_166
AI22_167;AI22_167
AI22_168;AI22_168
AI22_169;AI22_169
AI22_170;AI22_170
AI22_171;AI22_171
AI22_172;AI22_172
AI22_173;AI22_173
AI22_174;AI22_174
AI22_176;AI22_176
AI22_179;AI22_179
AI22_180;AI22_180
AI22_183;AI22_183
AI22_184;AI22_184
AI22_185;AI22_185
AI22_186;AI22_186
AI22_187;AI22_187
AI22_188;AI22_188
AI22_189;AI22_189
AI22_190;AI22_190
AI22_191;AI22_191
AI22_192;AI22_192
AI22_194;AI22_194
AI22_195;AI22_195
AI22_196;AI22_196
AI22_197;AI22_197
AI22_198;AI22_198
AI22_199;AI22_199
AI22_200;AI22_200
AI22_201;AI22_201
AI22_202;AI22_202
AI22_203;AI22_203
AI22_204;AI22_204
AI22_205;AI22_205
AI22_206;AI22_206
AI22_207;AI22_207
AI22_208;AI22_208
AI22_209;AI22_209
AI22_217;AI22_217
AI22_218;AI22_218
AI22_219;AI22_219
AI22_220;AI22_220
AI22_221;AI22_221
AI22_223;AI22_223
AI22_224;AI22_224
AI22_228;AI22_228
AI22_233;AI22_233
AI22_234;AI22_234
AI22_235;AI22_235
AI22_236;AI22_236
AI22_275;AI22_275
AI22_301;AI22_301
AI22_302;AI22_302
AI22_303;AI22_303
AI22_304;AI22_304
AI22_308;AI22_308
AI22_310;AI22_310
AI22_311;AI22_311
AI22_312;AI22_312
AI22_314;AI22_314
AI22_315;AI22_315
AI22_316;AI22_316
AI22_317;AI22_317
AI22_319;AI22_319
AI22_32;AI22_32
AI22_320;AI22_320
AI22_321;AI22_321
AI22_323;AI22_323
AI22_324;AI22_324
AI22_325;AI22_325
AI22_326;AI22_326
AI22_327;AI22_327
AI22_328;AI22_328
AI22_330;AI22_330
AI22_331;AI22_331
AI22_332;AI22_332
AI22_333;AI22_333
AI22_334;AI22_334
AI22_336;AI22_336
AI22_337;AI22_337
AI22_341;AI22_341
AI22_342;AI22_342
AI22_343;AI22_343
AI22_345;AI22_345
AI22_346;AI22_346
AI22_348;AI22_348
AI22_350;AI22_350
AI22_352;AI22_352
AI22_353;AI22_353
AI22_354;AI22_354
AI22_355;AI22_355
AI22_356;AI22_356
AI22_357;AI22_357
AI22_358;AI22_358
AI22_359;AI22_359
AI22_360;AI22_360
AI22_361;AI22_361
AI22_362;AI22_362
AI22_363;AI22_363
AI22_364;AI22_364
AI22_365;AI22_365
AI22_366;AI22_366
AI22_367;AI22_367
AI22_368;AI22_368
AI22_370;AI22_370
AI22_371;AI22_371
AI22_374;AI22_374
AI22_375;AI22_375
AI22_376;AI22_376
AI22_377;AI22_377
AI22_378;AI22_378
AI22_380;AI22_380
AI22_381;AI22_381
AI22_382;AI22_382
AI22_383;AI22_383
AI22_384;AI22_384
AI22_388;AI22_388
AI22_389;AI22_389
AI22_390;AI22_390
AI22_391;AI22_391
AI22_392;AI22_392
AI22_393;AI22_393
AI22_394;AI22_394
AI22_395;AI22_395
AI22_397;AI22_397
AI22_398;AI22_398
AI22_399;AI22_399
AI22_400;AI22_400
AI22_410;AI22_410
AI22_411;AI22_411
AI22_412;AI22_412
AI22_413;AI22_413
AI22_414;AI22_414
AI22_415;AI22_415
AI22_416;AI22_416
AI22_417;AI22_417
AI22_418;AI22_418
AI22_419;AI22_419
AI22_420;AI22_420
AI22_421;AI22_421
AI22_422;AI22_422
AI22_423;AI22_423
AI22_424;AI22_424
AI22_425;AI22_425
AI22_426;AI22_426
AI22_427;AI22_427
AI22_428;AI22_428
AI22_431;AI22_431
AI22_432;AI22_432
AI22_436;AI22_436
AI22_437;AI22_437
AI22_438;AI22_438
AI22_439;AI22_439
AI22_440;AI22_440
AI22_441;AI22_441
AI22_442;AI22_442
AI22_443;AI22_443
AI22_444;AI22_444
AI22_445;AI22_445
AI22_446;AI22_446
AI22_447;AI22_447
AI22_449;AI22_449
AI22_451;AI22_451
AI22_452;AI22_452
AI22_453;AI22_453
AI22_454;AI22_454
AI22_455;AI22_455
AI22_456;AI22_456
AI22_457;AI22_457
AI22_458;AI22_458
AI22_460;AI22_460
AI22_461;AI22_461
AI22_462;AI22_462
AI22_463;AI22_463
AI22_465;AI22_465
AI22_467;AI22_467
AI22_468;AI22_468
AI22_470;AI22_470
AI22_472;AI22_472
AI22_473;AI22_473
AI22_475;AI22_475
AI22_477;AI22_477
AI22_478;AI22_478
AI22_479;AI22_479
AI22_480;AI22_480
AI22_481;AI22_481
AI22_483;AI22_483
AI22_484;AI22_484
AI22_485;AI22_485
AI22_486;AI22_486
AI22_487;AI22_487
AI22_488;AI22_488
AI22_490;AI22_490
AI22_491;AI22_491
AI22_492;AI22_492
AI22_494;AI22_494
AI22_495;AI22_495
AI22_496;AI22_496
AI22_497;AI22_497
AI22_499;AI22_499
AI22_500;AI22_500
AI22_502;AI22_502
AI22_503;AI22_503
AI22_505;AI22_505
AI22_506;AI22_506
AI22_508;AI22_508
AI22_510;AI22_510
AI22_512;AI22_512
AI22_513;AI22_513
AI22_514;AI22_514
AI22_516;AI22_516
AI22_517;AI22_517
AI22_518;AI22_518
AI22_520;AI22_520
AI22_521;AI22_521
AI22_523;AI22_523
AI22_525;AI22_525
AI22_526;AI22_526
AI22_528;AI22_528
AI22_530;AI22_530
AI22_532;AI22_532
AI22_533;AI22_533
AI22_535;AI22_535
AI22_536;AI22_536
AI22_537;AI22_537
AI22_539;AI22_539
AI22_541;AI22_541
AI22_543;AI22_543
AI22_545;AI22_545
AI22_547;AI22_547
AI22_549;AI22_549
AI22_551;AI22_551
AI22_552;AI22_552
AI22_553;AI22_553
AI22_554;AI22_554
AI22_555;AI22_555
AI22_556;AI22_556
AI22_557;AI22_557
AI22_558;AI22_558
AI22_559;AI22_559
AI22_560;AI22_560
AI22_562;AI22_562
AI22_563;AI22_563
AI22_565;AI22_565
AI22_566;AI22_566
AI22_567;AI22_567
AI22_568;AI22_568
AI22_570;AI22_570
AI22_571;AI22_571
AI22_572;AI22_572
AI22_573;AI22_573
AI22_574;AI22_574
AI22_575;AI22_575
AI22_576;AI22_576
AI22_577;AI22_577
AI22_580;AI22_580
AI22_581;AI22_581
AI22_582;AI22_582
AI22_583;AI22_583
AI22_584;AI22_584
AI22_585;AI22_585
AI22_586;AI22_586
AI22_587;AI22_587
AI22_588;AI22_588
AI22_589;AI22_589
AI22_591;AI22_591
AI22_592;AI22_592
AI22_593;AI22_593
AI22_594;AI22_594
AI22_595;AI22_595
AI22_596;AI22_596
AI22_597;AI22_597
AI22_598;AI22_598
AI22_599;AI22_599
AI22_6;AI22_6
AI22_600;AI22_600
AI22_601;AI22_601
AI22_602;AI22_602
AI22_603;AI22_603
AI22_604;AI22_604
AI22_605;AI22_605
AI22_606;AI22_606
AI22_607;AI22_607
AI22_608;AI22_608
AI22_610;AI22_610
AI22_611;AI22_611
AI22_613;AI22_613
AI22_618;AI22_618
AI22_619;AI22_619
AI22_620;AI22_620
AI22_624;AI22_624
AI22_628;AI22_628
AI22_63;AI22_63
AI22_64;AI22_64
AI22_65;AI22_65
AI22_66;AI22_66
AI22_67;AI22_67
AI22_695;AI22_695
AI22_696;AI22_696
AI22_7;AI22_7
AI22_70;AI22_70
AI22_71;AI22_71
AI22_74;AI22_74
AI22_75;AI22_75
AI22_755;AI22_755
AI22_758;AI22_758
AI22_76;AI22_76
AI22_77;AI22_77
AI22_78;AI22_78
AI22_791;AI22_791
AI22_8;AI22_8
AI22_806;AI22_806
AI22_81;AI22_81
AI22_821;AI22_821
AI22_824;AI22_824
AI22_825;AI22_825
AI22_84;AI22_84
AI22_85;AI22_85
AI22_86;AI22_86
AI22_87;AI22_87
AI22_88;AI22_88
AI22_89;AI22_89
AI22_894;AI22_894
AI22_9;AI22_9
AI22_90;AI22_90
AI22_901;AI22_901
AI22_909;AI22_909
AI22_91;AI22_91
AI22_910;AI22_910
AI22_911;AI22_911
AI22_912;AI22_912
AI22_913;AI22_913
AI22_914;AI22_914
AI22_915;AI22_915
AI22_916;AI22_916
AI22_920;AI22_920
AI22_921;AI22_921
AI22_922;AI22_922
AI22_923;AI22_923
AI22_924;AI22_924
AI22_925;AI22_925
AI22_926;AI22_926
AI22_927;AI22_927
AI22_928;AI22_928
AI22_930;AI22_930
AI22_931;AI22_931
AI22_932;AI22_932
AI22_933;AI22_933
AI22_935;AI22_935
AI22_936;AI22_936
AI22_937;AI22_937
AI22_940;AI22_940
AI22_943;AI22_943
AI22_946;AI22_946
AI22_949;AI22_949
AI22_953;AI22_953
AI22_954;AI22_954
AI22_955;AI22_955
AI22_970;AI22_970
AI22_996;AI22_996
AI22_997;AI22_997
AI22_998;AI22_998
AI22_999;AI22_999
arroyo1982_1;Arroyo et al 1982
arroyo1982_2;Arroyo et al 1982
Carlo_2016;Carlo_2016
Chiawo2012;Chiawo2012
Correia_2016;Correia_2016
Costa_2018_before_only;Costa_2018
D21_unpublished_data;D21_unpublished_data
Gonzalez-Castro 2012;Gonzalez-Castro 2012
Inouye1988;Inouye1988
Jordano unpublished;Jordano_1993
KITA_mammals_added;KITA_mammals_added
Lara-Romero et al 2019;Lara-Romero et al 2019
Lundgren & Olesen 2005;Lundgren2005
M22_net_011;Silva_2002
M22_net_083;M22_net_083
M22_net_103;M22_net_103
M22_net_116;M22_net_116
Memmott1999;Memmott 1999
motten1982;Motten1982
Moura_2016;Moura_2016
Olea-Wagner 2007;Olea-Wagner 2007
rd brodeur2012;brodeur2012
richard f. johnston1956;johnston1956
Correia 2016;Correia_2016
